Frontend-Node:  =======================================================================
                FPBA has been activated in order to calculate connectivity information.
                =======================================================================

================================================================
[Boundaries] - MCalc
open-add-space, open-add-space, open, open, open, open-add-space
================================================================

========================================
[Mesh] Matrix calculation - NO ACIS mode
========================================

=============================
[Mesh] Expansion: 0 0 0 0 0 0
=============================

=================================================================================
 - hardware info
   + cpu name                    : Intel(R) Core(TM) i7-10700K CPU @ 3.80GHz
   + sockets                     : 1
   + cores per socket            : 8
   + hyperthreading              : on
   + ht-units                    : 2
   + max cpuid level             : 22
   + max cpuid ext. level        : 8
   + numa nodes                  : 1
   + Numa Memory Info
     numa node     installed     available    (MByte)
       0                 0         39357
   + internal cpu info           : CPUID: selected engine is 'Leaf 0xB detection'
apic ids           : 0, 1, 2, 3, 4, 5, 6, 7, 8, 9, 10, 11, 12, 13, 14, 15
apic ids (fallback): 0, 1, 2, 3, 4, 5, 6, 7, 8, 9, 10, 11, 12, 13, 14, 15
from cpu registers: 0, 1, 2, 3, 4, 5, 6, 7, 8, 9, 10, 11, 12, 13, 14, 15
fallback: 0, 1, 2, 3, 4, 5, 6, 7, 8, 9, 10, 11, 12, 13, 14, 15
combined: 0, 1, 2, 3, 4, 5, 6, 7, 8, 9, 10, 11, 12, 13, 14, 15
max id per cpu: 16
SMT mask: 1
Core mask: e
Package mask: fffffff0
set results:
  - packages: 1
  - cores: 8
  - smts: 2
generate core map, new implementation
0, 1, 2, 3, 4, 5, 6, 7, 8, 9, 10, 11, 12, 13, 14, 15
packages: 1
cores   : 8
ht units: 2
 - pinning rule in use   : PINNING_RULE_MCALC_SKIP_ALL
 - desired group         : 0
 - num cores available   : 16
 - active core list from affinity: 
   + num accessible procs          : 16
   + num logical procs             : 16
   + current affinity (env)        : 0,1,2,3,4,5,6,7,8,9,10,11,12,13,14,15
   + sockets ids in                : 0
   + core list                  (1): 0,2,4,6,8,10,12,14
 - active cores          : 0,2,4,6,8,10,12,14
 - hyperthreading        : on
 - allowed core ids      : 0,2,4,6,8,10,12,14
 - allowed core ids (aff): 10101010 10101010 
 - used mask (string)    : 10101010 10101010 
=================================================================================

===================================================================================================
Version: 2025.4 Release from 2025-04-11 (change 1409410) [Release]
Workflow: PBA matrix coefficients
Operation: [acis, fpba, meshfill, bg, port-path, port-domain, tst, tst-nextgen, coeff, surface-imp]
Architecture: Windows, ID: AMD64
System Windows-64bit
Using processor group 0/1
Matrix calculation information:
# of Nodes: 0
Concurrency: 0
Start ID: 0
Node ID: 0
HEX Mesh information:
Hex mesh: global: [hxr o(0 | 0 | 0) s(17 | 27 | 3) np (no TSTs): 1377] 
===================================================================================================

>>>>>>>>>>>>>>>>>>>>>>>>>>>>>>>>>>>>>>>>
Fri Fri May  8 13:19:14 2026
started: calculating matrix coefficients
>>>>>>>>>>>>>>>>>>>>>>>>>>>>>>>>>>>>>>>>

============================================================
Matrix computation (PBA)
	[Perfect Boundary Approximation (PBA), version: default]
	[GPU acceleration: off (by user)]
Version: 2025.4 Release from 2025-04-11 (change 1409410)
PBA version: default, 2.20240218
Model compatibility: 2025.20250411
Sub-Workflow: FARM-1x1-TST2
Workflow updated: -
Fri Fri May  8 13:19:14 2026
============================================================

----------------------------------------------
Used point accuracy enhancement value: 75.00%.
----------------------------------------------

========================================================================
The maximum supported number of mesh cells without MPI is: 2,147,483,647
========================================================================

------------------------------------------------------------------------------------------------
Geometry processing log
	PEC background is represented by CAD geometry: false
	Background shape: added
	Multithread portion: 100.00
	Number of CAD shapes: 2
	Number of lumps: 1
------------------------------------------------------------------------------------------------
=========================================
== CST Matrix Calculation Priority Log ==
=========================================
Priorities are sorted in ascending order beginning with the lowest priority
 
Group | Shape-ID | ShapeName | Material | User-priority | 2D/3D-Geometry | Material-attributes | Shape-attributes | Feature-ID | Schemetype
1 | 4 | </cst/Boundaries/> Low^X | $NFSMaterial$ | n/a | no | normal.vacuum. | boundary. | n/a | FIT_TD
1 | 5 | </cst/Boundaries/> Low^Y | $NFSMaterial$ | n/a | no | normal.vacuum. | boundary. | n/a | FIT_TD
1 | 6 | </cst/Boundaries/> Low^Z | $NFSMaterial$ | n/a | no | normal.vacuum. | boundary. | n/a | FIT_TD
1 | 7 | </cst/Boundaries/> Up^X | $NFSMaterial$ | n/a | no | normal.vacuum. | boundary. | n/a | FIT_TD
1 | 8 | </cst/Boundaries/> Up^Y | $NFSMaterial$ | n/a | no | normal.vacuum. | boundary. | n/a | FIT_TD
1 | 9 | </cst/Boundaries/> Up^Z | $NFSMaterial$ | n/a | no | normal.vacuum. | boundary. | n/a | FIT_TD
2 | 1 | component1:dielectric__1_0 | FR-4 (lossy) | n/a | yes | dispersive-mue.normal. | solid. | n/a | FIT_TD
3 | 2 | component1:ground__1_0 | PEC | n/a | yes | pec. | solid. | n/a | FIT_TD
3 | 3 | component1:ground__1_0 (Lump 2) | PEC | n/a | yes | pec. | solid. | n/a | FIT_TD
=========================================
************************************************************************************************
General settings
	PBA version: default, 2.20240218, potentials: not required
	Model compatibility: 2025.20250411
	Software version: 2025.4 Release from 2025-04-11 (change 1409410)
	TST specials: -
------------------------------------------------------------------------------------------------
Geometry processor: default
	Geo accuracy: 75.000000
	Watertightness check: true
	Self intersection check: false
	Inheritance (all): false
	Normal dominance (all): false
	Normal dominance (ports): false
	Flanges hollow: true
	One shape per flange: false
	Multi threading: true
		max # of threads used: 16
		requested max # of threads: 16
		representation: indexed
		method: multi thread
		retry: no
------------------------------------------------------------------------------------------------
CAD processing settings are set to default
------------------------------------------------------------------------------------------------
Connectivity settings
	Workflow selection: 0
	Workflow version: 20180101
	Gap detection: true
	Gap detection version: 2
	TST version: default, 2.20240218, potentials: not required
	QQ workflow: true
	CoCo workflow: true
	Legacy topology: false
	Connectivity check: false
------------------------------------------------------------------------------------------------
------------------------------------------------------------------------------------------------
CAD Processing Version Info
	ACIS version installed:	34.0.1
	ACIS version used:	34.0.1
------------------------------------------------------------------------------------------------
Success method:	multi-thread-22
************************************************************************************************

-------------------------------------------------
Geometry representation: extended-edge
Shared memory: none
FARM allocation scheme: PA
Parallelization: off
Gap-Detection activated for FARM-topology. Gaps are resolved, even partially.: gap tolerance value is 0.001000 and mesh geometry scale is 0.001000

----------------------
Acceleration mode: CPU
----------------------

Port homogenization method: M2H point index deviation
ccccccccccccccccccccccccccccccccccccccccccccccccccccccccccccccccccccc
FARM/Meshfill cache is set to 8 (local FI domains: 1, dynamic: false)
ccccccccccccccccccccccccccccccccccccccccccccccccccccccccccccccccccccc

=============================================================
Hex cell analyzer settings:
	max number of E fields per mesh edge: 2
	max number of H fields per mesh face: 4
	supporting dual grid: false
	performance improvement: ROI limit: true
	performance improvement: ROI threshold: 2
	performance improvement: single topology extraction: true
	performance improvement: pre-categorize cell volume: true
	periodic align: 0
	periodic cells: true
	homogenization version: pid
=============================================================

===============
TST specials: -
===============

============================================================================================================================================
TST cell analysis in range (0 | 0 | 0) -> (17 | 27 | 3) [total range (0 | 0 | 0) -> (17 | 27 | 3)]  [mpi range (0 | 0 | 0) -> (17 | 27 | 3)]
============================================================================================================================================

-------------------
TST Statistics:
E Split (4 | 0 | 0)
E Adapt (4 | 2 | 2)
B Split (0 | 6 | 6)
B Adapt (0 | 0 | 0)
-------------------

-------------------------------------------------------------
TST Version 2.20240218, tst tiny faces fix: on, TST1 BWC: off
-------------------------------------------------------------

-----------------------------------------------------------------
The following lumped face element is connected to metal material:
	Folder1:load
-----------------------------------------------------------------

------------------------------------------------------------------------------
+++++++++++++++++++++++++++++++++++++++++++++++++++++
settings for port mode calculation
+++++++++++++++++++++++++++++++++++++++++++++++++++++
PBA fill limit is applied in inverse mode.
PBA fill limit is applied on faces filled with at least 99.00% metal material.
--------------------------------------------------------------
detailed accuracy settings:
--------------------------------------------------------------
augmented fill limit:       true
augmented fill limit value: 99.00
automatic fill limit:       true
early fill limit:           true
inverse fill limit:         true
model complexity:           0.00
legacy 2015:                false
fixed point accuracy:       false
minimum point accuracy:     0
mesh step inheritance:      false
accuracy mode:              
------------------------------------------------------------------------------

--------------------------------------
Glued 0 metal grid points in port area
--------------------------------------

-------------------------------------------------------------------------------
TST aware field source monitor processing forced by environment variable: false
No TST aware field source monitors to be processed
-------------------------------------------------------------------------------

=================================
Finished matrix computation (PBA)
=================================

<<<<<<<<<<<<<<<<<<<<<<<<<<<<<<<<<<<<<<<<<<<<<<<<<<<<<
Fri Fri May  8 13:19:15 2026
Resource usage for calculating matrix coefficients:
	Runtime                          00:00:01.00114 s
	Peak Memory Usage:                        44 MB
<<<<<<<<<<<<<<<<<<<<<<<<<<<<<<<<<<<<<<<<<<<<<<<<<<<<<

--------------------------------
# of staircase filled cells: 0
# of staircase filled areas: 0
# of staircase filled edges: 0
# of faces above fill limit: 0
# of edges with FPBA topology: 0
--------------------------------

Frontend-Node:  =======================================================================
                FPBA has been activated in order to calculate connectivity information.
                =======================================================================

================================================================
[Boundaries] - MCalc
open-add-space, open-add-space, open, open, open, open-add-space
================================================================

========================================
[Mesh] Matrix calculation - NO ACIS mode
========================================

=============================
[Mesh] Expansion: 0 0 0 0 0 0
=============================

=================================================================================
 - hardware info
   + cpu name                    : Intel(R) Core(TM) i7-10700K CPU @ 3.80GHz
   + sockets                     : 1
   + cores per socket            : 8
   + hyperthreading              : on
   + ht-units                    : 2
   + max cpuid level             : 22
   + max cpuid ext. level        : 8
   + numa nodes                  : 1
   + Numa Memory Info
     numa node     installed     available    (MByte)
       0                 0         39336
   + internal cpu info           : CPUID: selected engine is 'Leaf 0xB detection'
apic ids           : 0, 1, 2, 3, 4, 5, 6, 7, 8, 9, 10, 11, 12, 13, 14, 15
apic ids (fallback): 0, 1, 2, 3, 4, 5, 6, 7, 8, 9, 10, 11, 12, 13, 14, 15
from cpu registers: 0, 1, 2, 3, 4, 5, 6, 7, 8, 9, 10, 11, 12, 13, 14, 15
fallback: 0, 1, 2, 3, 4, 5, 6, 7, 8, 9, 10, 11, 12, 13, 14, 15
combined: 0, 1, 2, 3, 4, 5, 6, 7, 8, 9, 10, 11, 12, 13, 14, 15
max id per cpu: 16
SMT mask: 1
Core mask: e
Package mask: fffffff0
set results:
  - packages: 1
  - cores: 8
  - smts: 2
generate core map, new implementation
0, 1, 2, 3, 4, 5, 6, 7, 8, 9, 10, 11, 12, 13, 14, 15
packages: 1
cores   : 8
ht units: 2
 - pinning rule in use   : PINNING_RULE_MCALC_SKIP_ALL
 - desired group         : 0
 - num cores available   : 16
 - active core list from affinity: 
   + num accessible procs          : 16
   + num logical procs             : 16
   + current affinity (env)        : 0,1,2,3,4,5,6,7,8,9,10,11,12,13,14,15
   + sockets ids in                : 0
   + core list                  (1): 0,2,4,6,8,10,12,14
 - active cores          : 0,2,4,6,8,10,12,14
 - hyperthreading        : on
 - allowed core ids      : 0,2,4,6,8,10,12,14
 - allowed core ids (aff): 10101010 10101010 
 - used mask (string)    : 10101010 10101010 
=================================================================================

===================================================================================================
Version: 2025.4 Release from 2025-04-11 (change 1409410) [Release]
Workflow: PBA matrix coefficients
Operation: [acis, fpba, meshfill, bg, port-path, port-domain, tst, tst-nextgen, coeff, surface-imp]
Architecture: Windows, ID: AMD64
System Windows-64bit
Using processor group 0/1
Matrix calculation information:
# of Nodes: 0
Concurrency: 0
Start ID: 0
Node ID: 0
HEX Mesh information:
Hex mesh: global: [hxr o(0 | 0 | 0) s(27 | 35 | 3) np (no TSTs): 2835] 
===================================================================================================

>>>>>>>>>>>>>>>>>>>>>>>>>>>>>>>>>>>>>>>>
Fri Fri May  8 13:19:16 2026
started: calculating matrix coefficients
>>>>>>>>>>>>>>>>>>>>>>>>>>>>>>>>>>>>>>>>

============================================================
Matrix computation (PBA)
	[Perfect Boundary Approximation (PBA), version: default]
	[GPU acceleration: off (by user)]
Version: 2025.4 Release from 2025-04-11 (change 1409410)
PBA version: default, 2.20240218
Model compatibility: 2025.20250411
Sub-Workflow: FARM-1x1-TST2
Workflow updated: -
Fri Fri May  8 13:19:16 2026
============================================================

----------------------------------------------
Used point accuracy enhancement value: 75.00%.
----------------------------------------------

========================================================================
The maximum supported number of mesh cells without MPI is: 2,147,483,647
========================================================================

------------------------------------------------------------------------------------------------
Geometry processing log
	PEC background is represented by CAD geometry: false
	Background shape: added
	Multithread portion: 100.00
	Number of CAD shapes: 2
	Number of lumps: 1
------------------------------------------------------------------------------------------------
=========================================
== CST Matrix Calculation Priority Log ==
=========================================
Priorities are sorted in ascending order beginning with the lowest priority
 
Group | Shape-ID | ShapeName | Material | User-priority | 2D/3D-Geometry | Material-attributes | Shape-attributes | Feature-ID | Schemetype
1 | 4 | </cst/Boundaries/> Low^X | $NFSMaterial$ | n/a | no | normal.vacuum. | boundary. | n/a | FIT_TD
1 | 5 | </cst/Boundaries/> Low^Y | $NFSMaterial$ | n/a | no | normal.vacuum. | boundary. | n/a | FIT_TD
1 | 6 | </cst/Boundaries/> Low^Z | $NFSMaterial$ | n/a | no | normal.vacuum. | boundary. | n/a | FIT_TD
1 | 7 | </cst/Boundaries/> Up^X | $NFSMaterial$ | n/a | no | normal.vacuum. | boundary. | n/a | FIT_TD
1 | 8 | </cst/Boundaries/> Up^Y | $NFSMaterial$ | n/a | no | normal.vacuum. | boundary. | n/a | FIT_TD
1 | 9 | </cst/Boundaries/> Up^Z | $NFSMaterial$ | n/a | no | normal.vacuum. | boundary. | n/a | FIT_TD
2 | 1 | component1:dielectric__1_0 | FR-4 (lossy) | n/a | yes | dispersive-mue.normal. | solid. | n/a | FIT_TD
3 | 2 | component1:ground__1_0 | PEC | n/a | yes | pec. | solid. | n/a | FIT_TD
3 | 3 | component1:ground__1_0 (Lump 2) | PEC | n/a | yes | pec. | solid. | n/a | FIT_TD
=========================================
************************************************************************************************
General settings
	PBA version: default, 2.20240218, potentials: not required
	Model compatibility: 2025.20250411
	Software version: 2025.4 Release from 2025-04-11 (change 1409410)
	TST specials: -
------------------------------------------------------------------------------------------------
Geometry processor: default
	Geo accuracy: 75.000000
	Watertightness check: true
	Self intersection check: false
	Inheritance (all): false
	Normal dominance (all): false
	Normal dominance (ports): false
	Flanges hollow: true
	One shape per flange: false
	Multi threading: true
		max # of threads used: 16
		requested max # of threads: 16
		representation: indexed
		method: multi thread
		retry: no
------------------------------------------------------------------------------------------------
CAD processing settings are set to default
------------------------------------------------------------------------------------------------
Connectivity settings
	Workflow selection: 0
	Workflow version: 20180101
	Gap detection: true
	Gap detection version: 2
	TST version: default, 2.20240218, potentials: not required
	QQ workflow: true
	CoCo workflow: true
	Legacy topology: false
	Connectivity check: false
------------------------------------------------------------------------------------------------
------------------------------------------------------------------------------------------------
CAD Processing Version Info
	ACIS version installed:	34.0.1
	ACIS version used:	34.0.1
------------------------------------------------------------------------------------------------
Success method:	multi-thread-22
************************************************************************************************

-------------------------------------------------
Geometry representation: extended-edge
Shared memory: none
FARM allocation scheme: PA
Parallelization: off
Gap-Detection activated for FARM-topology. Gaps are resolved, even partially.: gap tolerance value is 0.001000 and mesh geometry scale is 0.001000

----------------------
Acceleration mode: CPU
----------------------

Port homogenization method: M2H point index deviation
ccccccccccccccccccccccccccccccccccccccccccccccccccccccccccccccccccccc
FARM/Meshfill cache is set to 8 (local FI domains: 1, dynamic: false)
ccccccccccccccccccccccccccccccccccccccccccccccccccccccccccccccccccccc

=============================================================
Hex cell analyzer settings:
	max number of E fields per mesh edge: 2
	max number of H fields per mesh face: 4
	supporting dual grid: false
	performance improvement: ROI limit: true
	performance improvement: ROI threshold: 2
	performance improvement: single topology extraction: true
	performance improvement: pre-categorize cell volume: true
	periodic align: 0
	periodic cells: true
	homogenization version: pid
=============================================================

===============
TST specials: -
===============

============================================================================================================================================
TST cell analysis in range (0 | 0 | 0) -> (27 | 35 | 3) [total range (0 | 0 | 0) -> (27 | 35 | 3)]  [mpi range (0 | 0 | 0) -> (27 | 35 | 3)]
============================================================================================================================================

-------------------
TST Statistics:
E Split (4 | 0 | 0)
E Adapt (4 | 2 | 2)
B Split (0 | 6 | 6)
B Adapt (0 | 0 | 0)
-------------------

-------------------------------------------------------------
TST Version 2.20240218, tst tiny faces fix: on, TST1 BWC: off
-------------------------------------------------------------

-----------------------------------------------------------------
The following lumped face element is connected to metal material:
	Folder1:load
-----------------------------------------------------------------

------------------------------------------------------------------------------
+++++++++++++++++++++++++++++++++++++++++++++++++++++
settings for port mode calculation
+++++++++++++++++++++++++++++++++++++++++++++++++++++
PBA fill limit is applied in inverse mode.
PBA fill limit is applied on faces filled with at least 99.00% metal material.
--------------------------------------------------------------
detailed accuracy settings:
--------------------------------------------------------------
augmented fill limit:       true
augmented fill limit value: 99.00
automatic fill limit:       true
early fill limit:           true
inverse fill limit:         true
model complexity:           0.00
legacy 2015:                false
fixed point accuracy:       false
minimum point accuracy:     0
mesh step inheritance:      false
accuracy mode:              
------------------------------------------------------------------------------

--------------------------------------
Glued 0 metal grid points in port area
--------------------------------------

-------------------------------------------------------------------------------
TST aware field source monitor processing forced by environment variable: false
No TST aware field source monitors to be processed
-------------------------------------------------------------------------------

=================================
Finished matrix computation (PBA)
=================================

<<<<<<<<<<<<<<<<<<<<<<<<<<<<<<<<<<<<<<<<<<<<<<<<<<<<<
Fri Fri May  8 13:19:18 2026
Resource usage for calculating matrix coefficients:
	Runtime                          00:00:01.00488 s
	Peak Memory Usage:                        62 MB
<<<<<<<<<<<<<<<<<<<<<<<<<<<<<<<<<<<<<<<<<<<<<<<<<<<<<

--------------------------------
# of staircase filled cells: 0
# of staircase filled areas: 0
# of staircase filled edges: 0
# of faces above fill limit: 0
# of edges with FPBA topology: 0
--------------------------------

Frontend-Node:  =======================================================================
                FPBA has been activated in order to calculate connectivity information.
                =======================================================================

================================================================
[Boundaries] - MCalc
open-add-space, open-add-space, open, open, open, open-add-space
================================================================

========================================
[Mesh] Matrix calculation - NO ACIS mode
========================================

=============================
[Mesh] Expansion: 0 0 0 0 0 0
=============================

=================================================================================
 - hardware info
   + cpu name                    : Intel(R) Core(TM) i7-10700K CPU @ 3.80GHz
   + sockets                     : 1
   + cores per socket            : 8
   + hyperthreading              : on
   + ht-units                    : 2
   + max cpuid level             : 22
   + max cpuid ext. level        : 8
   + numa nodes                  : 1
   + Numa Memory Info
     numa node     installed     available    (MByte)
       0                 0         39283
   + internal cpu info           : CPUID: selected engine is 'Leaf 0xB detection'
apic ids           : 0, 1, 2, 3, 4, 5, 6, 7, 8, 9, 10, 11, 12, 13, 14, 15
apic ids (fallback): 0, 1, 2, 3, 4, 5, 6, 7, 8, 9, 10, 11, 12, 13, 14, 15
from cpu registers: 0, 1, 2, 3, 4, 5, 6, 7, 8, 9, 10, 11, 12, 13, 14, 15
fallback: 0, 1, 2, 3, 4, 5, 6, 7, 8, 9, 10, 11, 12, 13, 14, 15
combined: 0, 1, 2, 3, 4, 5, 6, 7, 8, 9, 10, 11, 12, 13, 14, 15
max id per cpu: 16
SMT mask: 1
Core mask: e
Package mask: fffffff0
set results:
  - packages: 1
  - cores: 8
  - smts: 2
generate core map, new implementation
0, 1, 2, 3, 4, 5, 6, 7, 8, 9, 10, 11, 12, 13, 14, 15
packages: 1
cores   : 8
ht units: 2
 - pinning rule in use   : PINNING_RULE_MCALC_SKIP_ALL
 - desired group         : 0
 - num cores available   : 16
 - active core list from affinity: 
   + num accessible procs          : 16
   + num logical procs             : 16
   + current affinity (env)        : 0,1,2,3,4,5,6,7,8,9,10,11,12,13,14,15
   + sockets ids in                : 0
   + core list                  (1): 0,2,4,6,8,10,12,14
 - active cores          : 0,2,4,6,8,10,12,14
 - hyperthreading        : on
 - allowed core ids      : 0,2,4,6,8,10,12,14
 - allowed core ids (aff): 10101010 10101010 
 - used mask (string)    : 10101010 10101010 
=================================================================================

===================================================================================================
Version: 2025.4 Release from 2025-04-11 (change 1409410) [Release]
Workflow: PBA matrix coefficients
Operation: [acis, fpba, meshfill, bg, port-path, port-domain, tst, tst-nextgen, coeff, surface-imp]
Architecture: Windows, ID: AMD64
System Windows-64bit
Using processor group 0/1
Matrix calculation information:
# of Nodes: 0
Concurrency: 0
Start ID: 0
Node ID: 0
HEX Mesh information:
Hex mesh: global: [hxr o(0 | 0 | 0) s(42 | 47 | 3) np (no TSTs): 5922] 
===================================================================================================

>>>>>>>>>>>>>>>>>>>>>>>>>>>>>>>>>>>>>>>>
Fri Fri May  8 13:19:19 2026
started: calculating matrix coefficients
>>>>>>>>>>>>>>>>>>>>>>>>>>>>>>>>>>>>>>>>

============================================================
Matrix computation (PBA)
	[Perfect Boundary Approximation (PBA), version: default]
	[GPU acceleration: off (by user)]
Version: 2025.4 Release from 2025-04-11 (change 1409410)
PBA version: default, 2.20240218
Model compatibility: 2025.20250411
Sub-Workflow: FARM-1x1-TST2
Workflow updated: -
Fri Fri May  8 13:19:19 2026
============================================================

----------------------------------------------
Used point accuracy enhancement value: 75.00%.
----------------------------------------------

========================================================================
The maximum supported number of mesh cells without MPI is: 2,147,483,647
========================================================================

------------------------------------------------------------------------------------------------
Geometry processing log
	PEC background is represented by CAD geometry: false
	Background shape: added
	Multithread portion: 100.00
	Number of CAD shapes: 2
	Number of lumps: 1
------------------------------------------------------------------------------------------------
=========================================
== CST Matrix Calculation Priority Log ==
=========================================
Priorities are sorted in ascending order beginning with the lowest priority
 
Group | Shape-ID | ShapeName | Material | User-priority | 2D/3D-Geometry | Material-attributes | Shape-attributes | Feature-ID | Schemetype
1 | 4 | </cst/Boundaries/> Low^X | $NFSMaterial$ | n/a | no | normal.vacuum. | boundary. | n/a | FIT_TD
1 | 5 | </cst/Boundaries/> Low^Y | $NFSMaterial$ | n/a | no | normal.vacuum. | boundary. | n/a | FIT_TD
1 | 6 | </cst/Boundaries/> Low^Z | $NFSMaterial$ | n/a | no | normal.vacuum. | boundary. | n/a | FIT_TD
1 | 7 | </cst/Boundaries/> Up^X | $NFSMaterial$ | n/a | no | normal.vacuum. | boundary. | n/a | FIT_TD
1 | 8 | </cst/Boundaries/> Up^Y | $NFSMaterial$ | n/a | no | normal.vacuum. | boundary. | n/a | FIT_TD
1 | 9 | </cst/Boundaries/> Up^Z | $NFSMaterial$ | n/a | no | normal.vacuum. | boundary. | n/a | FIT_TD
2 | 1 | component1:dielectric__1_0 | FR-4 (lossy) | n/a | yes | dispersive-mue.normal. | solid. | n/a | FIT_TD
3 | 2 | component1:ground__1_0 | PEC | n/a | yes | pec. | solid. | n/a | FIT_TD
3 | 3 | component1:ground__1_0 (Lump 2) | PEC | n/a | yes | pec. | solid. | n/a | FIT_TD
=========================================
************************************************************************************************
General settings
	PBA version: default, 2.20240218, potentials: not required
	Model compatibility: 2025.20250411
	Software version: 2025.4 Release from 2025-04-11 (change 1409410)
	TST specials: -
------------------------------------------------------------------------------------------------
Geometry processor: default
	Geo accuracy: 75.000000
	Watertightness check: true
	Self intersection check: false
	Inheritance (all): false
	Normal dominance (all): false
	Normal dominance (ports): false
	Flanges hollow: true
	One shape per flange: false
	Multi threading: true
		max # of threads used: 16
		requested max # of threads: 16
		representation: indexed
		method: multi thread
		retry: no
------------------------------------------------------------------------------------------------
CAD processing settings are set to default
------------------------------------------------------------------------------------------------
Connectivity settings
	Workflow selection: 0
	Workflow version: 20180101
	Gap detection: true
	Gap detection version: 2
	TST version: default, 2.20240218, potentials: not required
	QQ workflow: true
	CoCo workflow: true
	Legacy topology: false
	Connectivity check: false
------------------------------------------------------------------------------------------------
------------------------------------------------------------------------------------------------
CAD Processing Version Info
	ACIS version installed:	34.0.1
	ACIS version used:	34.0.1
------------------------------------------------------------------------------------------------
Success method:	multi-thread-22
************************************************************************************************

-------------------------------------------------
Geometry representation: extended-edge
Shared memory: none
FARM allocation scheme: PA
Parallelization: off
Gap-Detection activated for FARM-topology. Gaps are resolved, even partially.: gap tolerance value is 0.001000 and mesh geometry scale is 0.001000

----------------------
Acceleration mode: CPU
----------------------

Port homogenization method: M2H point index deviation
ccccccccccccccccccccccccccccccccccccccccccccccccccccccccccccccccccccc
FARM/Meshfill cache is set to 8 (local FI domains: 1, dynamic: false)
ccccccccccccccccccccccccccccccccccccccccccccccccccccccccccccccccccccc

=============================================================
Hex cell analyzer settings:
	max number of E fields per mesh edge: 2
	max number of H fields per mesh face: 4
	supporting dual grid: false
	performance improvement: ROI limit: true
	performance improvement: ROI threshold: 2
	performance improvement: single topology extraction: true
	performance improvement: pre-categorize cell volume: true
	periodic align: 0
	periodic cells: true
	homogenization version: pid
=============================================================

===============
TST specials: -
===============

============================================================================================================================================
TST cell analysis in range (0 | 0 | 0) -> (42 | 47 | 3) [total range (0 | 0 | 0) -> (42 | 47 | 3)]  [mpi range (0 | 0 | 0) -> (42 | 47 | 3)]
============================================================================================================================================

----------------------
TST Statistics:
E Split (76 | 0 | 0)
E Adapt (40 | 38 | 38)
B Split (0 | 76 | 76)
B Adapt (0 | 0 | 0)
----------------------

-------------------------------------------------------------
TST Version 2.20240218, tst tiny faces fix: on, TST1 BWC: off
-------------------------------------------------------------

-----------------------------------------------------------------
The following lumped face element is connected to metal material:
	Folder1:load
-----------------------------------------------------------------

------------------------------------------------------------------------------
+++++++++++++++++++++++++++++++++++++++++++++++++++++
settings for port mode calculation
+++++++++++++++++++++++++++++++++++++++++++++++++++++
PBA fill limit is applied in inverse mode.
PBA fill limit is applied on faces filled with at least 99.00% metal material.
--------------------------------------------------------------
detailed accuracy settings:
--------------------------------------------------------------
augmented fill limit:       true
augmented fill limit value: 99.00
automatic fill limit:       true
early fill limit:           true
inverse fill limit:         true
model complexity:           0.00
legacy 2015:                false
fixed point accuracy:       false
minimum point accuracy:     0
mesh step inheritance:      false
accuracy mode:              
------------------------------------------------------------------------------

--------------------------------------
Glued 0 metal grid points in port area
--------------------------------------

-------------------------------------------------------------------------------
TST aware field source monitor processing forced by environment variable: false
No TST aware field source monitors to be processed
-------------------------------------------------------------------------------

=================================
Finished matrix computation (PBA)
=================================

<<<<<<<<<<<<<<<<<<<<<<<<<<<<<<<<<<<<<<<<<<<<<<<<<<<<<
Fri Fri May  8 13:19:21 2026
Resource usage for calculating matrix coefficients:
	Runtime                          00:00:02.00160 s
	Peak Memory Usage:                       100 MB
<<<<<<<<<<<<<<<<<<<<<<<<<<<<<<<<<<<<<<<<<<<<<<<<<<<<<

--------------------------------
# of staircase filled cells: 0
# of staircase filled areas: 0
# of staircase filled edges: 0
# of faces above fill limit: 0
# of edges with FPBA topology: 0
--------------------------------

Frontend-Node:  =======================================================================
                FPBA has been activated in order to calculate connectivity information.
                =======================================================================

================================================================
[Boundaries] - MCalc
open-add-space, open-add-space, open, open, open, open-add-space
================================================================

========================================
[Mesh] Matrix calculation - NO ACIS mode
========================================

=============================
[Mesh] Expansion: 0 0 0 0 0 0
=============================

=================================================================================
 - hardware info
   + cpu name                    : Intel(R) Core(TM) i7-10700K CPU @ 3.80GHz
   + sockets                     : 1
   + cores per socket            : 8
   + hyperthreading              : on
   + ht-units                    : 2
   + max cpuid level             : 22
   + max cpuid ext. level        : 8
   + numa nodes                  : 1
   + Numa Memory Info
     numa node     installed     available    (MByte)
       0                 0         39356
   + internal cpu info           : CPUID: selected engine is 'Leaf 0xB detection'
apic ids           : 0, 1, 2, 3, 4, 5, 6, 7, 8, 9, 10, 11, 12, 13, 14, 15
apic ids (fallback): 0, 1, 2, 3, 4, 5, 6, 7, 8, 9, 10, 11, 12, 13, 14, 15
from cpu registers: 0, 1, 2, 3, 4, 5, 6, 7, 8, 9, 10, 11, 12, 13, 14, 15
fallback: 0, 1, 2, 3, 4, 5, 6, 7, 8, 9, 10, 11, 12, 13, 14, 15
combined: 0, 1, 2, 3, 4, 5, 6, 7, 8, 9, 10, 11, 12, 13, 14, 15
max id per cpu: 16
SMT mask: 1
Core mask: e
Package mask: fffffff0
set results:
  - packages: 1
  - cores: 8
  - smts: 2
generate core map, new implementation
0, 1, 2, 3, 4, 5, 6, 7, 8, 9, 10, 11, 12, 13, 14, 15
packages: 1
cores   : 8
ht units: 2
 - pinning rule in use   : PINNING_RULE_MCALC_SKIP_ALL
 - desired group         : 0
 - num cores available   : 16
 - active core list from affinity: 
   + num accessible procs          : 16
   + num logical procs             : 16
   + current affinity (env)        : 0,1,2,3,4,5,6,7,8,9,10,11,12,13,14,15
   + sockets ids in                : 0
   + core list                  (1): 0,2,4,6,8,10,12,14
 - active cores          : 0,2,4,6,8,10,12,14
 - hyperthreading        : on
 - allowed core ids      : 0,2,4,6,8,10,12,14
 - allowed core ids (aff): 10101010 10101010 
 - used mask (string)    : 10101010 10101010 
=================================================================================

===================================================================================================
Version: 2025.4 Release from 2025-04-11 (change 1409410) [Release]
Workflow: PBA matrix coefficients
Operation: [acis, fpba, meshfill, bg, port-path, port-domain, tst, tst-nextgen, coeff, surface-imp]
Architecture: Windows, ID: AMD64
System Windows-64bit
Using processor group 0/1
Matrix calculation information:
# of Nodes: 0
Concurrency: 0
Start ID: 0
Node ID: 0
HEX Mesh information:
Hex mesh: global: [hxr o(0 | 0 | 0) s(61 | 67 | 3) np (no TSTs): 12261] 
===================================================================================================

>>>>>>>>>>>>>>>>>>>>>>>>>>>>>>>>>>>>>>>>
Fri Fri May  8 13:19:23 2026
started: calculating matrix coefficients
>>>>>>>>>>>>>>>>>>>>>>>>>>>>>>>>>>>>>>>>

============================================================
Matrix computation (PBA)
	[Perfect Boundary Approximation (PBA), version: default]
	[GPU acceleration: off (by user)]
Version: 2025.4 Release from 2025-04-11 (change 1409410)
PBA version: default, 2.20240218
Model compatibility: 2025.20250411
Sub-Workflow: FARM-1x1-TST2
Workflow updated: -
Fri Fri May  8 13:19:23 2026
============================================================

----------------------------------------------
Used point accuracy enhancement value: 75.00%.
----------------------------------------------

========================================================================
The maximum supported number of mesh cells without MPI is: 2,147,483,647
========================================================================

------------------------------------------------------------------------------------------------
Geometry processing log
	PEC background is represented by CAD geometry: false
	Background shape: added
	Multithread portion: 100.00
	Number of CAD shapes: 2
	Number of lumps: 1
------------------------------------------------------------------------------------------------
=========================================
== CST Matrix Calculation Priority Log ==
=========================================
Priorities are sorted in ascending order beginning with the lowest priority
 
Group | Shape-ID | ShapeName | Material | User-priority | 2D/3D-Geometry | Material-attributes | Shape-attributes | Feature-ID | Schemetype
1 | 4 | </cst/Boundaries/> Low^X | $NFSMaterial$ | n/a | no | normal.vacuum. | boundary. | n/a | FIT_TD
1 | 5 | </cst/Boundaries/> Low^Y | $NFSMaterial$ | n/a | no | normal.vacuum. | boundary. | n/a | FIT_TD
1 | 6 | </cst/Boundaries/> Low^Z | $NFSMaterial$ | n/a | no | normal.vacuum. | boundary. | n/a | FIT_TD
1 | 7 | </cst/Boundaries/> Up^X | $NFSMaterial$ | n/a | no | normal.vacuum. | boundary. | n/a | FIT_TD
1 | 8 | </cst/Boundaries/> Up^Y | $NFSMaterial$ | n/a | no | normal.vacuum. | boundary. | n/a | FIT_TD
1 | 9 | </cst/Boundaries/> Up^Z | $NFSMaterial$ | n/a | no | normal.vacuum. | boundary. | n/a | FIT_TD
2 | 1 | component1:dielectric__1_0 | FR-4 (lossy) | n/a | yes | dispersive-mue.normal. | solid. | n/a | FIT_TD
3 | 2 | component1:ground__1_0 | PEC | n/a | yes | pec. | solid. | n/a | FIT_TD
3 | 3 | component1:ground__1_0 (Lump 2) | PEC | n/a | yes | pec. | solid. | n/a | FIT_TD
=========================================
************************************************************************************************
General settings
	PBA version: default, 2.20240218, potentials: not required
	Model compatibility: 2025.20250411
	Software version: 2025.4 Release from 2025-04-11 (change 1409410)
	TST specials: -
------------------------------------------------------------------------------------------------
Geometry processor: default
	Geo accuracy: 75.000000
	Watertightness check: true
	Self intersection check: false
	Inheritance (all): false
	Normal dominance (all): false
	Normal dominance (ports): false
	Flanges hollow: true
	One shape per flange: false
	Multi threading: true
		max # of threads used: 16
		requested max # of threads: 16
		representation: indexed
		method: multi thread
		retry: no
------------------------------------------------------------------------------------------------
CAD processing settings are set to default
------------------------------------------------------------------------------------------------
Connectivity settings
	Workflow selection: 0
	Workflow version: 20180101
	Gap detection: true
	Gap detection version: 2
	TST version: default, 2.20240218, potentials: not required
	QQ workflow: true
	CoCo workflow: true
	Legacy topology: false
	Connectivity check: false
------------------------------------------------------------------------------------------------
------------------------------------------------------------------------------------------------
CAD Processing Version Info
	ACIS version installed:	34.0.1
	ACIS version used:	34.0.1
------------------------------------------------------------------------------------------------
Success method:	multi-thread-22
************************************************************************************************

-------------------------------------------------
Geometry representation: extended-edge
Shared memory: none
FARM allocation scheme: PA
Parallelization: off
Gap-Detection activated for FARM-topology. Gaps are resolved, even partially.: gap tolerance value is 0.001000 and mesh geometry scale is 0.001000

----------------------
Acceleration mode: CPU
----------------------

Port homogenization method: M2H point index deviation
ccccccccccccccccccccccccccccccccccccccccccccccccccccccccccccccccccccc
FARM/Meshfill cache is set to 8 (local FI domains: 1, dynamic: false)
ccccccccccccccccccccccccccccccccccccccccccccccccccccccccccccccccccccc

=============================================================
Hex cell analyzer settings:
	max number of E fields per mesh edge: 2
	max number of H fields per mesh face: 4
	supporting dual grid: false
	performance improvement: ROI limit: true
	performance improvement: ROI threshold: 2
	performance improvement: single topology extraction: true
	performance improvement: pre-categorize cell volume: true
	periodic align: 0
	periodic cells: true
	homogenization version: pid
=============================================================

===============
TST specials: -
===============

============================================================================================================================================
TST cell analysis in range (0 | 0 | 0) -> (61 | 67 | 3) [total range (0 | 0 | 0) -> (61 | 67 | 3)]  [mpi range (0 | 0 | 0) -> (61 | 67 | 3)]
============================================================================================================================================

-----------------------
TST Statistics:
E Split (112 | 0 | 0)
E Adapt (58 | 56 | 56)
B Split (0 | 112 | 112)
B Adapt (0 | 0 | 0)
-----------------------

-------------------------------------------------------------
TST Version 2.20240218, tst tiny faces fix: on, TST1 BWC: off
-------------------------------------------------------------

-----------------------------------------------------------------
The following lumped face element is connected to metal material:
	Folder1:load
-----------------------------------------------------------------

------------------------------------------------------------------------------
+++++++++++++++++++++++++++++++++++++++++++++++++++++
settings for port mode calculation
+++++++++++++++++++++++++++++++++++++++++++++++++++++
PBA fill limit is applied in inverse mode.
PBA fill limit is applied on faces filled with at least 99.00% metal material.
--------------------------------------------------------------
detailed accuracy settings:
--------------------------------------------------------------
augmented fill limit:       true
augmented fill limit value: 99.00
automatic fill limit:       true
early fill limit:           true
inverse fill limit:         true
model complexity:           0.00
legacy 2015:                false
fixed point accuracy:       false
minimum point accuracy:     0
mesh step inheritance:      false
accuracy mode:              
------------------------------------------------------------------------------

--------------------------------------
Glued 0 metal grid points in port area
--------------------------------------

-------------------------------------------------------------------------------
TST aware field source monitor processing forced by environment variable: false
No TST aware field source monitors to be processed
-------------------------------------------------------------------------------

=================================
Finished matrix computation (PBA)
=================================

<<<<<<<<<<<<<<<<<<<<<<<<<<<<<<<<<<<<<<<<<<<<<<<<<<<<<
Fri Fri May  8 13:19:26 2026
Resource usage for calculating matrix coefficients:
	Runtime                          00:00:03.00621 s
	Peak Memory Usage:                       181 MB
<<<<<<<<<<<<<<<<<<<<<<<<<<<<<<<<<<<<<<<<<<<<<<<<<<<<<

--------------------------------
# of staircase filled cells: 0
# of staircase filled areas: 0
# of staircase filled edges: 0
# of faces above fill limit: 0
# of edges with FPBA topology: 0
--------------------------------

Frontend-Node:  =======================================================================
                FPBA has been activated in order to calculate connectivity information.
                =======================================================================

>>>>>>>>>>>>>>>>>>>>>>>>>>>>>>>>
Fri Fri May  8 13:19:28 2026
started: parallelization control
>>>>>>>>>>>>>>>>>>>>>>>>>>>>>>>>

=================================================================================
 - hardware info
   + cpu name                    : Intel(R) Core(TM) i7-10700K CPU @ 3.80GHz
   + sockets                     : 1
   + cores per socket            : 8
   + hyperthreading              : on
   + ht-units                    : 2
   + max cpuid level             : 22
   + max cpuid ext. level        : 8
   + numa nodes                  : 1
   + Numa Memory Info
     numa node     installed     available    (MByte)
       0                 0         39359
   + internal cpu info           : CPUID: selected engine is 'Leaf 0xB detection'
apic ids           : 0, 1, 2, 3, 4, 5, 6, 7, 8, 9, 10, 11, 12, 13, 14, 15
apic ids (fallback): 0, 1, 2, 3, 4, 5, 6, 7, 8, 9, 10, 11, 12, 13, 14, 15
from cpu registers: 0, 1, 2, 3, 4, 5, 6, 7, 8, 9, 10, 11, 12, 13, 14, 15
fallback: 0, 1, 2, 3, 4, 5, 6, 7, 8, 9, 10, 11, 12, 13, 14, 15
combined: 0, 1, 2, 3, 4, 5, 6, 7, 8, 9, 10, 11, 12, 13, 14, 15
max id per cpu: 16
SMT mask: 1
Core mask: e
Package mask: fffffff0
set results:
  - packages: 1
  - cores: 8
  - smts: 2
generate core map, new implementation
0, 1, 2, 3, 4, 5, 6, 7, 8, 9, 10, 11, 12, 13, 14, 15
packages: 1
cores   : 8
ht units: 2
 - pinning rule in use   : PINNING_RULE_MCALC_SKIP_ALL
 - desired group         : 0
 - num cores available   : 16
 - active core list from affinity: 
   + num accessible procs          : 16
   + num logical procs             : 16
   + current affinity (env)        : 0,1,2,3,4,5,6,7,8,9,10,11,12,13,14,15
   + sockets ids in                : 0
   + core list                  (1): 0,2,4,6,8,10,12,14
 - active cores          : 0,2,4,6,8,10,12,14
 - hyperthreading        : on
 - allowed core ids      : 0,2,4,6,8,10,12,14
 - allowed core ids (aff): 10101010 10101010 
 - used mask (string)    : 10101010 10101010 
=================================================================================

===========================================================================
Version: 2025.4 Release from 2025-04-11 (change 1409410) [Release]
Workflow: QQ-Facets
Operation: [acis, fpba, bg]
Architecture: Windows, ID: AMD64
System Windows-64bit
Using processor group 0/1
Matrix calculation information:
# of Nodes: 0
Concurrency: 0
Start ID: 0
Node ID: 0
HEX Mesh information:
Hex mesh: global: [hxr o(0 | 0 | 0) s(32 | 27 | 124) np (no TSTs): 107136] 
===========================================================================

>>>>>>>>>>>>>>>>>>>>>>>>>>>>>
Fri Fri May  8 13:19:28 2026
started: processing CAD model
>>>>>>>>>>>>>>>>>>>>>>>>>>>>>

========================================================================
Processing CAD model
	[Improved internal geometry representation]
	[Accuracy improvement for long shapes in inhomogeneous mesh regions]
Version: 2025.4 Release from 2025-04-11 (change 1409410)
PBA version: default, 2.20240218
Model compatibility: 2025.20250411
Sub-Workflow: Facets-QQ
Workflow updated: -
Fri Fri May  8 13:19:28 2026
========================================================================

----------------------------------------------
Used point accuracy enhancement value: 61.00%.
----------------------------------------------

=============================================================================
Mesh statistics:
-----------------------------------------------------------------------------
Minimum edge length (x): 0.025 @ mesh line 16 (x)
Maximum edge length (x): 0.578 @ mesh line 1 (x)
Minimum face area (x): 0.000592 @ mesh lines 9 | 112 (y | z)
Maximum face area (x): 0.0926 @ mesh lines 1 | 122 (y | z)
Minimum edge length (y): 0.0245 @ mesh line 9 (y)
Maximum edge length (y): 0.189 @ mesh line 1 (y)
Minimum face area (y): 0.000605 @ mesh lines 112 | 16 (z | x)
Maximum face area (y): 0.283 @ mesh lines 122 | 1 (z | x)
Minimum edge length (z): 0.0242 @ mesh line 112 (z)
Maximum edge length (z): 0.489 @ mesh line 122 (z)
Minimum face area (z): 0.000612 @ mesh lines 16 | 9 (x | y)
Maximum face area (z): 0.109 @ mesh lines 1 | 1 (x | y)
Maximum mesh face aspect ratio (x): 20 : 1.0  @ mesh lines 9 | 122 (y | z)
Maximum mesh face aspect ratio (y): 23.9 : 1.0  @ mesh lines 112 | 1 (z | x)
Maximum mesh face aspect ratio (z): 23.6 : 1.0  @ mesh lines 1 | 9 (x | y)
=============================================================================

=============================================================================
Available resources to store TST cells: 2147376511 (2004346.36% of mesh size)
=============================================================================

========================================================================
The maximum supported number of mesh cells without MPI is: 2,147,483,647
========================================================================

------------------------------------------------------------------------------------------------
Geometry processing log
	PEC background is represented by CAD geometry: false
	Background shape: added
	Multithread portion: 100.00
	Number of CAD shapes: 5
	Number of lumps: 0
------------------------------------------------------------------------------------------------
=========================================
== CST Matrix Calculation Priority Log ==
=========================================
Priorities are sorted in ascending order beginning with the lowest priority
 
Group | Shape-ID | ShapeName | Material | User-priority | 2D/3D-Geometry | Material-attributes | Shape-attributes | Feature-ID | Schemetype
1 | 6 | </cst/Boundaries/> Low^X | $NFSMaterial$ | n/a | no | normal.vacuum. | boundary. | n/a | FIT_TD
1 | 7 | </cst/Boundaries/> Low^Y | $NFSMaterial$ | n/a | no | normal.vacuum. | boundary. | n/a | FIT_TD
1 | 8 | </cst/Boundaries/> Low^Z | $NFSMaterial$ | n/a | no | normal.vacuum. | boundary. | n/a | FIT_TD
1 | 9 | </cst/Boundaries/> Up^X | $NFSMaterial$ | n/a | no | normal.vacuum. | boundary. | n/a | FIT_TD
1 | 10 | </cst/Boundaries/> Up^Y | $NFSMaterial$ | n/a | no | normal.vacuum. | boundary. | n/a | FIT_TD
1 | 11 | </cst/Boundaries/> Up^Z | $NFSMaterial$ | n/a | no | normal.vacuum. | boundary. | n/a | FIT_TD
2 | 12 | </cst/Lumped Elements/> discrete_face_port:Folder1:load^t0 | Copper (pure) | n/a | no | pec.rho.surface-impedance. | face-element.face-port.lumped-element.sheet. | n/a | FIT_TD
2 | 13 | </cst/Lumped Elements/> discrete_face_port:Folder1:load^t1 | Copper (pure) | n/a | no | pec.rho.surface-impedance. | face-element.face-port.lumped-element.sheet. | n/a | FIT_TD
3 | 1 | component1:dielectric | FR-4 (lossy) | n/a | yes | dispersive-mue.normal. | solid. | n/a | FIT_TD
4 | 2 | component1:ground | PEC | n/a | yes | pec. | solid. | n/a | FIT_TD
5 | 3 | component1:plane | Copper (pure) | n/a | yes | pec.rho.surface-impedance. | solid. | n/a | FIT_TD
5 | 4 | component1:trace | Copper (pure) | n/a | yes | pec.rho.surface-impedance. | solid. | n/a | FIT_TD
6 | 5 | discrete_face_port:Folder1:load | PEC | n/a | yes | pec. | face-center-gap.face-element.face-port.lumped-element.sheet. | n/a | FIT_TD
=========================================
************************************************************************************************
General settings
	PBA version: default, 2.20240218, potentials: not required
	Model compatibility: 2025.20250411
	Software version: 2025.4 Release from 2025-04-11 (change 1409410)
	TST specials: -
------------------------------------------------------------------------------------------------
Geometry processor: default
	Geo accuracy: 61.000000
	Watertightness check: true
	Self intersection check: false
	Inheritance (all): false
	Normal dominance (all): false
	Normal dominance (ports): false
	Flanges hollow: true
	One shape per flange: false
	Multi threading: true
		max # of threads used: 16
		requested max # of threads: 16
		representation: indexed
		method: multi thread
		retry: no
------------------------------------------------------------------------------------------------
CAD processing settings are set to default
------------------------------------------------------------------------------------------------
Connectivity settings
	Workflow selection: 0
	Workflow version: 20190101
	Gap detection: true
	Gap detection version: 2
	TST version: default, 2.20240218, potentials: not required
	QQ workflow: true
	CoCo workflow: true
	Legacy topology: false
	Connectivity check: true
------------------------------------------------------------------------------------------------
------------------------------------------------------------------------------------------------
CAD Processing Version Info
	ACIS version installed:	34.0.1
	ACIS version used:	34.0.1
------------------------------------------------------------------------------------------------
Success method:	multi-thread-22
************************************************************************************************

-------------------------------------------------------------------------------
TST aware field source monitor processing forced by environment variable: false
No TST aware field source monitors to be processed
-------------------------------------------------------------------------------

=======================
Finished CAD processing
=======================

<<<<<<<<<<<<<<<<<<<<<<<<<<<<<<<<<<<<<<<<<<<<
Fri Fri May  8 13:19:29 2026
Resource usage for processing CAD model:
	Runtime                 00:00:00.00684 s
	Peak Memory Usage:               18 MB
<<<<<<<<<<<<<<<<<<<<<<<<<<<<<<<<<<<<<<<<<<<<

------------------------------------------------------------
Parallelization Info
------------------------------------------------------------
Hyperthreading active: true
Hyperthreading used: false
Number of concurrent threads: 4
Number of concurrent threads using GPU: 0
Number of node domains: 4
Domains-to-threads scaling: 2
Average FI domain size: 1e+04
Nice mode: true
Delayed matrix calculation start: false
Load balancing: Version 20090403
Number of mesh fill domains: 8
Memory downscale: 1
Shared memory representation: read/write
CPU load: 50.00%
Emptiness: 0.00%
Hex mesh complexity: 0.09914
Geometric complexity: 0.00092
lower size limit of domain (1D): 60
------------------------------------------------------------
Node order
3, 0, 1, 2
------------------------------------------------------------

--------------------------------------------------------------------
Matrix calculation job submit section 0
Currently running jobs: 0
Waiting jobs: 4
Concurrency for section: 4/4
Memory physically installed: 68.6338 GB
Memory currently available: 41.2467 GB
Memory already used: 27.3871 GB
Memory reserved: 0 GB - Scale: 0.6
Matrix calculation @ 1xN-Node 0003
	Mesh coverage: 2579200.00 %
	Estimated peak memory usage per node: 145 MB , tightness: 0.35 %
	GPU acceleration: off
	Processor group: 0
Matrix calculation @ 1xN-Node 0000
	Mesh coverage: 2498600.00 %
	Estimated peak memory usage per node: 140 MB , tightness: 0.34 %
	GPU acceleration: off
	Processor group: 0
Matrix calculation @ 1xN-Node 0001
	Mesh coverage: 2579200.00 %
	Estimated peak memory usage per node: 132 MB , tightness: 0.32 %
	GPU acceleration: off
	Processor group: 0
Matrix calculation @ 1xN-Node 0002
	Mesh coverage: 2498600.00 %
	Estimated peak memory usage per node: 131 MB , tightness: 0.32 %
	GPU acceleration: off
	Processor group: 0
Node distribution on 1 processor group: 4
--------------------------------------------------------------------

------------------------------------
Mesh: # of points excl. TSTs: 107136
      # of points incl. TSTs: 107136
------------------------------------

===========================================
Data rearrangement statistics:
Disk IO directories:	00:00:00.0005
Disk IO node domain files:	00:00:00.0183
Disk IO FI domain files:	00:00:00.0000
Disk IO meta information:	00:00:00.0025
Sequential merge (TST):	00:00:00.0000
===========================================

1xN000:  =====================================================
         [Boundaries] - MCalc
         open-add-space, open-add-space, open, open, open, mpi
         =====================================================

1xN000:  ========================================
         [Mesh] Matrix calculation - NO ACIS mode
         [Mesh] 1xN MPI or parallelization mode
         ========================================

1xN000:  =============================
         [Mesh] Expansion: 0 0 0 0 0 2
         =============================

1xN000:  ==================================================
         [Mesh] world: o(0000,0000,0000) e(0032,0027,0124)
         [Mesh] l-1xN: o(0000,0000,0000) e(0032,0027,0032)
         [Mesh] e-1xN: o(0000,0000,0000) e(0032,0027,0034)
         [Mesh] g-MPI: not available
         [Mesh] bound offset: (0 | 0 | 0)
         ==================================================

1xN000:  =================================================================================
          - hardware info
            + cpu name                    : Intel(R) Core(TM) i7-10700K CPU @ 3.80GHz
            + sockets                     : 1
            + cores per socket            : 8
            + hyperthreading              : on
            + ht-units                    : 2
            + max cpuid level             : 22
            + max cpuid ext. level        : 8
            + numa nodes                  : 1
            + Numa Memory Info
              numa node     installed     available    (MByte)
                0                 0         39334
            + internal cpu info           : CPUID: selected engine is 'Leaf 0xB detection'
         apic ids           : 0, 1, 2, 3, 4, 5, 6, 7, 8, 9, 10, 11, 12, 13, 14, 15
         apic ids (fallback): 0, 1, 2, 3, 4, 5, 6, 7, 8, 9, 10, 11, 12, 13, 14, 15
         from cpu registers: 0, 1, 2, 3, 4, 5, 6, 7, 8, 9, 10, 11, 12, 13, 14, 15
         fallback: 0, 1, 2, 3, 4, 5, 6, 7, 8, 9, 10, 11, 12, 13, 14, 15
         combined: 0, 1, 2, 3, 4, 5, 6, 7, 8, 9, 10, 11, 12, 13, 14, 15
         max id per cpu: 16
         SMT mask: 1
         Core mask: e
         Package mask: fffffff0
         set results:
           - packages: 1
           - cores: 8
           - smts: 2
         generate core map, new implementation
         0, 1, 2, 3, 4, 5, 6, 7, 8, 9, 10, 11, 12, 13, 14, 15
         packages: 1
         cores   : 8
         ht units: 2
          - pinning rule in use   : PINNING_RULE_MCALC_SKIP_ALL
          - desired group         : 0
          - num cores available   : 16
          - active core list from affinity:
            + num accessible procs          : 16
            + num logical procs             : 16
            + current affinity (env)        : 0,1,2,3,4,5,6,7,8,9,10,11,12,13,14,15
            + sockets ids in                : 0
            + core list                  (1): 0,1,2,3,4,5,6,7,8,9,10,11,12,13,14,15
          - active cores          : 0,1,2,3,4,5,6,7,8,9,10,11,12,13,14,15
          - hyperthreading        : on
          - skip pinning: + allowed number of sockets = available number of sockets
                          + hyperthreading allowed by solver
         =================================================================================

1xN000:  ===================================================================================================
         Version: 2025.4 Release from 2025-04-11 (change 1409410) [Release]
         Workflow: PBA matrix coefficients
         Operation: [fpba, meshfill, bg, port-path, tst, tst-nextgen, coeff, surface-imp, connectivity-tree]
         Architecture: Windows, ID: AMD64
         System Windows-64bit
         Using processor group 0/1
         Matrix calculation information:
         # of Nodes: 4
         Concurrency: 4
         Start ID: 1
         Node ID: 0
         HEX Mesh information:
         Hex mesh: node: [hxr o(0 | 0 | 0) s(32 | 27 | 32) np (no TSTs): 27648]
         Hex mesh: extended: [hxr o(0 | 0 | 0) s(32 | 27 | 34) np (no TSTs): 29376]
         ===================================================================================================

1xN000:  -----------------------------------------------------
         Memory status on node "1xN000" for matrix calculation
         	Estimated memory consumption: 0.140312 GB
         	Physical memory installed: 68.6338 GB
         	Available physical memory: 41.227 GB
         	Available relative memory: 60.0682 %
         -----------------------------------------------------

1xN000:  >>>>>>>>>>>>>>>>>>>>>>>>>>>>>>>>>>>>>>>>>>>>>>>>>
         Fri Fri May  8 13:19:29 2026
         started: calculating matrix coefficients per node
         >>>>>>>>>>>>>>>>>>>>>>>>>>>>>>>>>>>>>>>>>>>>>>>>>

1xN000:  ============================================================
         Matrix computation (PBA)
         	[Perfect Boundary Approximation (PBA), version: default]
         	[GPU acceleration: off (by user)]
         Version: 2025.4 Release from 2025-04-11 (change 1409410)
         PBA version: default, 2.20240218
         Model compatibility: 2025.20250411
         Sub-Workflow: FARM-1xN-TST2-Node
         Workflow updated: -
         Fri Fri May  8 13:19:29 2026
         ============================================================

1xN000:  ----------------------------------------------
         Used point accuracy enhancement value: 61.00%.
         ----------------------------------------------

1xN000:  -------------------------------------------------
         Geometry representation: shared-attached
         Shared memory: read-only
         FARM allocation scheme: PA
         Parallelization: on, used

1xN000:  Gap-Detection activated for FARM-topology. Gaps are resolved, even partially.: gap tolerance value is 0.001000 and mesh geometry scale is 0.001000
1xN000:
1xN000:



1xN000:  ----------------------
         Acceleration mode: CPU
         ----------------------

1xN000:  Port homogenization method: M2H point index deviation
1xN000:  cccccccccccccccccccccccccccccccccccccccccccccccccccccccccccccccccccc
         FARM/Meshfill cache is set to 8 (local FI domains: 4, dynamic: true)
         cccccccccccccccccccccccccccccccccccccccccccccccccccccccccccccccccccc

1xN000:  =============================================================
         Hex cell analyzer settings:
         	max number of E fields per mesh edge: 2
         	max number of H fields per mesh face: 4
         	supporting dual grid: false
         	performance improvement: ROI limit: true
         	performance improvement: ROI threshold: 2
         	performance improvement: single topology extraction: true
         	performance improvement: pre-categorize cell volume: true
         	periodic align: 0
         	periodic cells: true
         	homogenization version: pid
         =============================================================

1xN000:  ===============
         TST specials: -
         ===============

1xN000:  =================================================================================================================================================
         TST cell analysis in range (0 | 0 | 0) -> (32 | 27 | 34) [total range (0 | 0 | 0) -> (32 | 27 | 124)]  [mpi range (0 | 0 | 0) -> (32 | 27 | 124)]
         =================================================================================================================================================

1xN000:  -------------------
         TST Statistics:
         E Split (0 | 0 | 0)
         E Adapt (0 | 0 | 0)
         B Split (0 | 0 | 0)
         B Adapt (0 | 0 | 0)
         -------------------

1xN000:  -------------------------------------------------------------
         TST Version 2.20240218, tst tiny faces fix: on, TST1 BWC: off
         -------------------------------------------------------------

1xN000:  ssssssssssssssssssssssssssssssssssssssssss
         # of curls with SI accuracy enhancement: 0
         ssssssssssssssssssssssssssssssssssssssssss

1xN000:  ------------------------------------------------------------------------------
         PBA fill limit is applied in inverse mode.
         PBA fill limit is applied on faces filled with at least 98.81% metal material.
         --------------------------------------------------------------
         detailed accuracy settings:
         --------------------------------------------------------------
         augmented fill limit:       true
         augmented fill limit value: 98.81
         automatic fill limit:       true
         early fill limit:           true
         inverse fill limit:         true
         model complexity:           0.00
         legacy 2015:                false
         fixed point accuracy:       false
         minimum point accuracy:     0
         mesh step inheritance:      false
         accuracy mode:
         ------------------------------------------------------------------------------

1xN000:  --------------------------------------
         Glued 0 metal grid points in port area
         --------------------------------------

1xN000:  -----------------------------------------------------------------
         The following lumped face element is connected to metal material:
         	Folder1:load
         -----------------------------------------------------------------

1xN000:  -------------------------------------------------------------------------------
         TST aware field source monitor processing forced by environment variable: false
         No TST aware field source monitors to be processed
         -------------------------------------------------------------------------------

1xN000:  =================================
         Finished matrix computation (PBA)
         =================================

1xN000:  <<<<<<<<<<<<<<<<<<<<<<<<<<<<<<<<<<<<<<<<<<<<<<<<<<<<<<<<<<<<
         Fri Fri May  8 13:19:32 2026
         Resource usage for calculating matrix coefficients per node:
         	Runtime                          00:00:03.00261 s
         	Peak Memory Estimation:                  140 MB
         	Peak Memory Usage:                        77 MB
         <<<<<<<<<<<<<<<<<<<<<<<<<<<<<<<<<<<<<<<<<<<<<<<<<<<<<<<<<<<<



1xN001:  ====================================================
         [Boundaries] - MCalc
         open-add-space, open-add-space, open, open, mpi, mpi
         ====================================================

1xN001:  ========================================
         [Mesh] Matrix calculation - NO ACIS mode
         [Mesh] 1xN MPI or parallelization mode
         ========================================

1xN001:  ==============================
         [Mesh] Expansion: 0 0 0 0 -2 2
         ==============================

1xN001:  ==================================================
         [Mesh] world: o(0000,0000,0000) e(0032,0027,0124)
         [Mesh] l-1xN: o(0000,0000,0030) e(0032,0027,0063)
         [Mesh] e-1xN: o(0000,0000,0028) e(0032,0027,0065)
         [Mesh] g-MPI: not available
         [Mesh] bound offset: (0 | 0 | 0)
         ==================================================

1xN001:  =================================================================================
          - hardware info
            + cpu name                    : Intel(R) Core(TM) i7-10700K CPU @ 3.80GHz
            + sockets                     : 1
            + cores per socket            : 8
            + hyperthreading              : on
            + ht-units                    : 2
            + max cpuid level             : 22
            + max cpuid ext. level        : 8
            + numa nodes                  : 1
            + Numa Memory Info
              numa node     installed     available    (MByte)
                0                 0         39333
            + internal cpu info           : CPUID: selected engine is 'Leaf 0xB detection'
         apic ids           : 0, 1, 2, 3, 4, 5, 6, 7, 8, 9, 10, 11, 12, 13, 14, 15
         apic ids (fallback): 0, 1, 2, 3, 4, 5, 6, 7, 8, 9, 10, 11, 12, 13, 14, 15
         from cpu registers: 0, 1, 2, 3, 4, 5, 6, 7, 8, 9, 10, 11, 12, 13, 14, 15
         fallback: 0, 1, 2, 3, 4, 5, 6, 7, 8, 9, 10, 11, 12, 13, 14, 15
         combined: 0, 1, 2, 3, 4, 5, 6, 7, 8, 9, 10, 11, 12, 13, 14, 15
         max id per cpu: 16
         SMT mask: 1
         Core mask: e
         Package mask: fffffff0
         set results:
           - packages: 1
           - cores: 8
           - smts: 2
         generate core map, new implementation
         0, 1, 2, 3, 4, 5, 6, 7, 8, 9, 10, 11, 12, 13, 14, 15
         packages: 1
         cores   : 8
         ht units: 2
          - pinning rule in use   : PINNING_RULE_MCALC_SKIP_ALL
          - desired group         : 0
          - num cores available   : 16
          - active core list from affinity:
            + num accessible procs          : 16
            + num logical procs             : 16
            + current affinity (env)        : 0,1,2,3,4,5,6,7,8,9,10,11,12,13,14,15
            + sockets ids in                : 0
            + core list                  (1): 0,1,2,3,4,5,6,7,8,9,10,11,12,13,14,15
          - active cores          : 0,1,2,3,4,5,6,7,8,9,10,11,12,13,14,15
          - hyperthreading        : on
          - skip pinning: + allowed number of sockets = available number of sockets
                          + hyperthreading allowed by solver
         =================================================================================

1xN001:  ===================================================================================================
         Version: 2025.4 Release from 2025-04-11 (change 1409410) [Release]
         Workflow: PBA matrix coefficients
         Operation: [fpba, meshfill, bg, port-path, tst, tst-nextgen, coeff, surface-imp, connectivity-tree]
         Architecture: Windows, ID: AMD64
         System Windows-64bit
         Using processor group 0/1
         Matrix calculation information:
         # of Nodes: 4
         Concurrency: 4
         Start ID: 2
         Node ID: 1
         HEX Mesh information:
         Hex mesh: node: [hxr o(0 | 0 | 30) s(32 | 27 | 33) np (no TSTs): 28512]
         Hex mesh: extended: [hxr o(0 | 0 | 28) s(32 | 27 | 37) np (no TSTs): 31968]
         ===================================================================================================

1xN001:  -----------------------------------------------------
         Memory status on node "1xN001" for matrix calculation
         	Estimated memory consumption: 0.131978 GB
         	Physical memory installed: 68.6338 GB
         	Available physical memory: 41.2269 GB
         	Available relative memory: 60.0679 %
         -----------------------------------------------------

1xN001:  >>>>>>>>>>>>>>>>>>>>>>>>>>>>>>>>>>>>>>>>>>>>>>>>>
         Fri Fri May  8 13:19:29 2026
         started: calculating matrix coefficients per node
         >>>>>>>>>>>>>>>>>>>>>>>>>>>>>>>>>>>>>>>>>>>>>>>>>

1xN001:  ============================================================
         Matrix computation (PBA)
         	[Perfect Boundary Approximation (PBA), version: default]
         	[GPU acceleration: off (by user)]
         Version: 2025.4 Release from 2025-04-11 (change 1409410)
         PBA version: default, 2.20240218
         Model compatibility: 2025.20250411
         Sub-Workflow: FARM-1xN-TST2-Node
         Workflow updated: -
         Fri Fri May  8 13:19:29 2026
         ============================================================

1xN001:  ----------------------------------------------
         Used point accuracy enhancement value: 61.00%.
         ----------------------------------------------

1xN001:  -------------------------------------------------
         Geometry representation: shared-attached
         Shared memory: read-only
         FARM allocation scheme: PA
         Parallelization: on, used

1xN001:  Gap-Detection activated for FARM-topology. Gaps are resolved, even partially.: gap tolerance value is 0.001000 and mesh geometry scale is 0.001000
1xN001:
1xN001:



1xN001:  ----------------------
         Acceleration mode: CPU
         ----------------------

1xN001:  Port homogenization method: M2H point index deviation
1xN001:  cccccccccccccccccccccccccccccccccccccccccccccccccccccccccccccccccccc
         FARM/Meshfill cache is set to 8 (local FI domains: 8, dynamic: true)
         cccccccccccccccccccccccccccccccccccccccccccccccccccccccccccccccccccc

1xN001:  =============================================================
         Hex cell analyzer settings:
         	max number of E fields per mesh edge: 2
         	max number of H fields per mesh face: 4
         	supporting dual grid: false
         	performance improvement: ROI limit: true
         	performance improvement: ROI threshold: 2
         	performance improvement: single topology extraction: true
         	performance improvement: pre-categorize cell volume: true
         	periodic align: 0
         	periodic cells: true
         	homogenization version: pid
         =============================================================

1xN001:  ===============
         TST specials: -
         ===============

1xN001:  ==================================================================================================================================================
         TST cell analysis in range (0 | 0 | 28) -> (32 | 27 | 65) [total range (0 | 0 | 0) -> (32 | 27 | 124)]  [mpi range (0 | 0 | 0) -> (32 | 27 | 124)]
         ==================================================================================================================================================

1xN001:  -------------------
         TST Statistics:
         E Split (0 | 0 | 0)
         E Adapt (0 | 0 | 0)
         B Split (0 | 0 | 0)
         B Adapt (0 | 0 | 0)
         -------------------

1xN001:  -------------------------------------------------------------
         TST Version 2.20240218, tst tiny faces fix: on, TST1 BWC: off
         -------------------------------------------------------------

1xN001:  ssssssssssssssssssssssssssssssssssssssssss
         # of curls with SI accuracy enhancement: 0
         ssssssssssssssssssssssssssssssssssssssssss

1xN001:  ------------------------------------------------------------------------------
         PBA fill limit is applied in inverse mode.
         PBA fill limit is applied on faces filled with at least 98.81% metal material.
         --------------------------------------------------------------
         detailed accuracy settings:
         --------------------------------------------------------------
         augmented fill limit:       true
         augmented fill limit value: 98.81
         automatic fill limit:       true
         early fill limit:           true
         inverse fill limit:         true
         model complexity:           0.00
         legacy 2015:                false
         fixed point accuracy:       false
         minimum point accuracy:     0
         mesh step inheritance:      false
         accuracy mode:
         ------------------------------------------------------------------------------

1xN001:  -----------------------------------------------------------------
         The following lumped face element is connected to metal material:
         	Folder1:load
         -----------------------------------------------------------------

1xN001:  -------------------------------------------------------------------------------
         TST aware field source monitor processing forced by environment variable: false
         No TST aware field source monitors to be processed
         -------------------------------------------------------------------------------

1xN001:  =================================
         Finished matrix computation (PBA)
         =================================

1xN001:  <<<<<<<<<<<<<<<<<<<<<<<<<<<<<<<<<<<<<<<<<<<<<<<<<<<<<<<<<<<<
         Fri Fri May  8 13:19:32 2026
         Resource usage for calculating matrix coefficients per node:
         	Runtime                          00:00:03.00239 s
         	Peak Memory Estimation:                  132 MB
         	Peak Memory Usage:                        65 MB
         <<<<<<<<<<<<<<<<<<<<<<<<<<<<<<<<<<<<<<<<<<<<<<<<<<<<<<<<<<<<



1xN002:  ====================================================
         [Boundaries] - MCalc
         open-add-space, open-add-space, open, open, mpi, mpi
         ====================================================

1xN002:  ========================================
         [Mesh] Matrix calculation - NO ACIS mode
         [Mesh] 1xN MPI or parallelization mode
         ========================================

1xN002:  ==============================
         [Mesh] Expansion: 0 0 0 0 -2 2
         ==============================

1xN002:  ==================================================
         [Mesh] world: o(0000,0000,0000) e(0032,0027,0124)
         [Mesh] l-1xN: o(0000,0000,0061) e(0032,0027,0093)
         [Mesh] e-1xN: o(0000,0000,0059) e(0032,0027,0095)
         [Mesh] g-MPI: not available
         [Mesh] bound offset: (0 | 0 | 0)
         ==================================================

1xN002:  =================================================================================
          - hardware info
            + cpu name                    : Intel(R) Core(TM) i7-10700K CPU @ 3.80GHz
            + sockets                     : 1
            + cores per socket            : 8
            + hyperthreading              : on
            + ht-units                    : 2
            + max cpuid level             : 22
            + max cpuid ext. level        : 8
            + numa nodes                  : 1
            + Numa Memory Info
              numa node     installed     available    (MByte)
                0                 0         39333
            + internal cpu info           : CPUID: selected engine is 'Leaf 0xB detection'
         apic ids           : 0, 1, 2, 3, 4, 5, 6, 7, 8, 9, 10, 11, 12, 13, 14, 15
         apic ids (fallback): 0, 1, 2, 3, 4, 5, 6, 7, 8, 9, 10, 11, 12, 13, 14, 15
         from cpu registers: 0, 1, 2, 3, 4, 5, 6, 7, 8, 9, 10, 11, 12, 13, 14, 15
         fallback: 0, 1, 2, 3, 4, 5, 6, 7, 8, 9, 10, 11, 12, 13, 14, 15
         combined: 0, 1, 2, 3, 4, 5, 6, 7, 8, 9, 10, 11, 12, 13, 14, 15
         max id per cpu: 16
         SMT mask: 1
         Core mask: e
         Package mask: fffffff0
         set results:
           - packages: 1
           - cores: 8
           - smts: 2
         generate core map, new implementation
         0, 1, 2, 3, 4, 5, 6, 7, 8, 9, 10, 11, 12, 13, 14, 15
         packages: 1
         cores   : 8
         ht units: 2
          - pinning rule in use   : PINNING_RULE_MCALC_SKIP_ALL
          - desired group         : 0
          - num cores available   : 16
          - active core list from affinity:
            + num accessible procs          : 16
            + num logical procs             : 16
            + current affinity (env)        : 0,1,2,3,4,5,6,7,8,9,10,11,12,13,14,15
            + sockets ids in                : 0
            + core list                  (1): 0,1,2,3,4,5,6,7,8,9,10,11,12,13,14,15
          - active cores          : 0,1,2,3,4,5,6,7,8,9,10,11,12,13,14,15
          - hyperthreading        : on
          - skip pinning: + allowed number of sockets = available number of sockets
                          + hyperthreading allowed by solver
         =================================================================================

1xN002:  ===================================================================================================
         Version: 2025.4 Release from 2025-04-11 (change 1409410) [Release]
         Workflow: PBA matrix coefficients
         Operation: [fpba, meshfill, bg, port-path, tst, tst-nextgen, coeff, surface-imp, connectivity-tree]
         Architecture: Windows, ID: AMD64
         System Windows-64bit
         Using processor group 0/1
         Matrix calculation information:
         # of Nodes: 4
         Concurrency: 4
         Start ID: 3
         Node ID: 2
         HEX Mesh information:
         Hex mesh: node: [hxr o(0 | 0 | 61) s(32 | 27 | 32) np (no TSTs): 27648]
         Hex mesh: extended: [hxr o(0 | 0 | 59) s(32 | 27 | 36) np (no TSTs): 31104]
         ===================================================================================================

1xN002:  -----------------------------------------------------
         Memory status on node "1xN002" for matrix calculation
         	Estimated memory consumption: 0.131216 GB
         	Physical memory installed: 68.6338 GB
         	Available physical memory: 41.2255 GB
         	Available relative memory: 60.066 %
         -----------------------------------------------------

1xN002:  >>>>>>>>>>>>>>>>>>>>>>>>>>>>>>>>>>>>>>>>>>>>>>>>>
         Fri Fri May  8 13:19:29 2026
         started: calculating matrix coefficients per node
         >>>>>>>>>>>>>>>>>>>>>>>>>>>>>>>>>>>>>>>>>>>>>>>>>

1xN002:  ============================================================
         Matrix computation (PBA)
         	[Perfect Boundary Approximation (PBA), version: default]
         	[GPU acceleration: off (by user)]
         Version: 2025.4 Release from 2025-04-11 (change 1409410)
         PBA version: default, 2.20240218
         Model compatibility: 2025.20250411
         Sub-Workflow: FARM-1xN-TST2-Node
         Workflow updated: -
         Fri Fri May  8 13:19:29 2026
         ============================================================

1xN002:  ----------------------------------------------
         Used point accuracy enhancement value: 61.00%.
         ----------------------------------------------

1xN002:  -------------------------------------------------
         Geometry representation: shared-attached
         Shared memory: read-only
         FARM allocation scheme: PA
         Parallelization: on, used

1xN002:  Gap-Detection activated for FARM-topology. Gaps are resolved, even partially.: gap tolerance value is 0.001000 and mesh geometry scale is 0.001000
1xN002:
1xN002:



1xN002:  ----------------------
         Acceleration mode: CPU
         ----------------------

1xN002:  Port homogenization method: M2H point index deviation
1xN002:  cccccccccccccccccccccccccccccccccccccccccccccccccccccccccccccccccccc
         FARM/Meshfill cache is set to 8 (local FI domains: 8, dynamic: true)
         cccccccccccccccccccccccccccccccccccccccccccccccccccccccccccccccccccc

1xN002:  =============================================================
         Hex cell analyzer settings:
         	max number of E fields per mesh edge: 2
         	max number of H fields per mesh face: 4
         	supporting dual grid: false
         	performance improvement: ROI limit: true
         	performance improvement: ROI threshold: 2
         	performance improvement: single topology extraction: true
         	performance improvement: pre-categorize cell volume: true
         	periodic align: 0
         	periodic cells: true
         	homogenization version: pid
         =============================================================

1xN002:  ===============
         TST specials: -
         ===============

1xN002:  ==================================================================================================================================================
         TST cell analysis in range (0 | 0 | 59) -> (32 | 27 | 95) [total range (0 | 0 | 0) -> (32 | 27 | 124)]  [mpi range (0 | 0 | 0) -> (32 | 27 | 124)]
         ==================================================================================================================================================

1xN002:  -------------------
         TST Statistics:
         E Split (0 | 0 | 0)
         E Adapt (0 | 0 | 0)
         B Split (0 | 0 | 0)
         B Adapt (0 | 0 | 0)
         -------------------

1xN002:  -------------------------------------------------------------
         TST Version 2.20240218, tst tiny faces fix: on, TST1 BWC: off
         -------------------------------------------------------------

1xN002:  ssssssssssssssssssssssssssssssssssssssssss
         # of curls with SI accuracy enhancement: 0
         ssssssssssssssssssssssssssssssssssssssssss

1xN002:  ------------------------------------------------------------------------------
         PBA fill limit is applied in inverse mode.
         PBA fill limit is applied on faces filled with at least 98.81% metal material.
         --------------------------------------------------------------
         detailed accuracy settings:
         --------------------------------------------------------------
         augmented fill limit:       true
         augmented fill limit value: 98.81
         automatic fill limit:       true
         early fill limit:           true
         inverse fill limit:         true
         model complexity:           0.00
         legacy 2015:                false
         fixed point accuracy:       false
         minimum point accuracy:     0
         mesh step inheritance:      false
         accuracy mode:
         ------------------------------------------------------------------------------

1xN002:  -----------------------------------------------------------------
         The following lumped face element is connected to metal material:
         	Folder1:load
         -----------------------------------------------------------------

1xN002:  -------------------------------------------------------------------------------
         TST aware field source monitor processing forced by environment variable: false
         No TST aware field source monitors to be processed
         -------------------------------------------------------------------------------

1xN002:  =================================
         Finished matrix computation (PBA)
         =================================

1xN002:  <<<<<<<<<<<<<<<<<<<<<<<<<<<<<<<<<<<<<<<<<<<<<<<<<<<<<<<<<<<<
         Fri Fri May  8 13:19:32 2026
         Resource usage for calculating matrix coefficients per node:
         	Runtime                          00:00:03.00169 s
         	Peak Memory Estimation:                  131 MB
         	Peak Memory Usage:                        63 MB
         <<<<<<<<<<<<<<<<<<<<<<<<<<<<<<<<<<<<<<<<<<<<<<<<<<<<<<<<<<<<



1xN003:  ===============================================================
         [Boundaries] - MCalc
         open-add-space, open-add-space, open, open, mpi, open-add-space
         ===============================================================

1xN003:  ========================================
         [Mesh] Matrix calculation - NO ACIS mode
         [Mesh] 1xN MPI or parallelization mode
         ========================================

1xN003:  ==============================
         [Mesh] Expansion: 0 0 0 0 -2 0
         ==============================

1xN003:  ==================================================
         [Mesh] world: o(0000,0000,0000) e(0032,0027,0124)
         [Mesh] l-1xN: o(0000,0000,0091) e(0032,0027,0124)
         [Mesh] e-1xN: o(0000,0000,0089) e(0032,0027,0124)
         [Mesh] g-MPI: not available
         [Mesh] bound offset: (0 | 0 | 0)
         ==================================================

1xN003:  =================================================================================
          - hardware info
            + cpu name                    : Intel(R) Core(TM) i7-10700K CPU @ 3.80GHz
            + sockets                     : 1
            + cores per socket            : 8
            + hyperthreading              : on
            + ht-units                    : 2
            + max cpuid level             : 22
            + max cpuid ext. level        : 8
            + numa nodes                  : 1
            + Numa Memory Info
              numa node     installed     available    (MByte)
                0                 0         39334
            + internal cpu info           : CPUID: selected engine is 'Leaf 0xB detection'
         apic ids           : 0, 1, 2, 3, 4, 5, 6, 7, 8, 9, 10, 11, 12, 13, 14, 15
         apic ids (fallback): 0, 1, 2, 3, 4, 5, 6, 7, 8, 9, 10, 11, 12, 13, 14, 15
         from cpu registers: 0, 1, 2, 3, 4, 5, 6, 7, 8, 9, 10, 11, 12, 13, 14, 15
         fallback: 0, 1, 2, 3, 4, 5, 6, 7, 8, 9, 10, 11, 12, 13, 14, 15
         combined: 0, 1, 2, 3, 4, 5, 6, 7, 8, 9, 10, 11, 12, 13, 14, 15
         max id per cpu: 16
         SMT mask: 1
         Core mask: e
         Package mask: fffffff0
         set results:
           - packages: 1
           - cores: 8
           - smts: 2
         generate core map, new implementation
         0, 1, 2, 3, 4, 5, 6, 7, 8, 9, 10, 11, 12, 13, 14, 15
         packages: 1
         cores   : 8
         ht units: 2
          - pinning rule in use   : PINNING_RULE_MCALC_SKIP_ALL
          - desired group         : 0
          - num cores available   : 16
          - active core list from affinity:
            + num accessible procs          : 16
            + num logical procs             : 16
            + current affinity (env)        : 0,1,2,3,4,5,6,7,8,9,10,11,12,13,14,15
            + sockets ids in                : 0
            + core list                  (1): 0,1,2,3,4,5,6,7,8,9,10,11,12,13,14,15
          - active cores          : 0,1,2,3,4,5,6,7,8,9,10,11,12,13,14,15
          - hyperthreading        : on
          - skip pinning: + allowed number of sockets = available number of sockets
                          + hyperthreading allowed by solver
         =================================================================================

1xN003:  ===================================================================================================
         Version: 2025.4 Release from 2025-04-11 (change 1409410) [Release]
         Workflow: PBA matrix coefficients
         Operation: [fpba, meshfill, bg, port-path, tst, tst-nextgen, coeff, surface-imp, connectivity-tree]
         Architecture: Windows, ID: AMD64
         System Windows-64bit
         Using processor group 0/1
         Matrix calculation information:
         # of Nodes: 4
         Concurrency: 4
         Start ID: 0
         Node ID: 3
         HEX Mesh information:
         Hex mesh: node: [hxr o(0 | 0 | 91) s(32 | 27 | 33) np (no TSTs): 28512]
         Hex mesh: extended: [hxr o(0 | 0 | 89) s(32 | 27 | 35) np (no TSTs): 30240]
         ===================================================================================================

1xN003:  -----------------------------------------------------
         Memory status on node "1xN003" for matrix calculation
         	Estimated memory consumption: 0.144936 GB
         	Physical memory installed: 68.6338 GB
         	Available physical memory: 41.2281 GB
         	Available relative memory: 60.0697 %
         -----------------------------------------------------

1xN003:  >>>>>>>>>>>>>>>>>>>>>>>>>>>>>>>>>>>>>>>>>>>>>>>>>
         Fri Fri May  8 13:19:29 2026
         started: calculating matrix coefficients per node
         >>>>>>>>>>>>>>>>>>>>>>>>>>>>>>>>>>>>>>>>>>>>>>>>>

1xN003:  ============================================================
         Matrix computation (PBA)
         	[Perfect Boundary Approximation (PBA), version: default]
         	[GPU acceleration: off (by user)]
         Version: 2025.4 Release from 2025-04-11 (change 1409410)
         PBA version: default, 2.20240218
         Model compatibility: 2025.20250411
         Sub-Workflow: FARM-1xN-TST2-Node
         Workflow updated: -
         Fri Fri May  8 13:19:29 2026
         ============================================================

1xN003:  ----------------------------------------------
         Used point accuracy enhancement value: 61.00%.
         ----------------------------------------------

1xN003:  -------------------------------------------------
         Geometry representation: shared-attached
         Shared memory: read-only
         FARM allocation scheme: PA
         Parallelization: on, used

1xN003:  Gap-Detection activated for FARM-topology. Gaps are resolved, even partially.: gap tolerance value is 0.001000 and mesh geometry scale is 0.001000
1xN003:
1xN003:



1xN003:  ----------------------
         Acceleration mode: CPU
         ----------------------

1xN003:  Port homogenization method: M2H point index deviation
1xN003:  cccccccccccccccccccccccccccccccccccccccccccccccccccccccccccccccccccc
         FARM/Meshfill cache is set to 8 (local FI domains: 4, dynamic: true)
         cccccccccccccccccccccccccccccccccccccccccccccccccccccccccccccccccccc

1xN003:  =============================================================
         Hex cell analyzer settings:
         	max number of E fields per mesh edge: 2
         	max number of H fields per mesh face: 4
         	supporting dual grid: false
         	performance improvement: ROI limit: true
         	performance improvement: ROI threshold: 2
         	performance improvement: single topology extraction: true
         	performance improvement: pre-categorize cell volume: true
         	periodic align: 0
         	periodic cells: true
         	homogenization version: pid
         =============================================================

1xN003:  ===============
         TST specials: -
         ===============

1xN003:  ===================================================================================================================================================
         TST cell analysis in range (0 | 0 | 89) -> (32 | 27 | 124) [total range (0 | 0 | 0) -> (32 | 27 | 124)]  [mpi range (0 | 0 | 0) -> (32 | 27 | 124)]
         ===================================================================================================================================================

1xN003:  -------------------
         TST Statistics:
         E Split (0 | 0 | 0)
         E Adapt (0 | 0 | 0)
         B Split (0 | 0 | 0)
         B Adapt (0 | 0 | 0)
         -------------------

1xN003:  -------------------------------------------------------------
         TST Version 2.20240218, tst tiny faces fix: on, TST1 BWC: off
         -------------------------------------------------------------

1xN003:  ssssssssssssssssssssssssssssssssssssssssss
         # of curls with SI accuracy enhancement: 0
         ssssssssssssssssssssssssssssssssssssssssss

1xN003:  ------------------------------------------------------------------------------
         PBA fill limit is applied in inverse mode.
         PBA fill limit is applied on faces filled with at least 98.81% metal material.
         --------------------------------------------------------------
         detailed accuracy settings:
         --------------------------------------------------------------
         augmented fill limit:       true
         augmented fill limit value: 98.81
         automatic fill limit:       true
         early fill limit:           true
         inverse fill limit:         true
         model complexity:           0.00
         legacy 2015:                false
         fixed point accuracy:       false
         minimum point accuracy:     0
         mesh step inheritance:      false
         accuracy mode:
         ------------------------------------------------------------------------------

1xN003:  lumped face element "Folder1:load" is connected to metal material.
1xN003:  -----------------------------------------------------------------
         The following lumped face element is connected to metal material:
         	Folder1:load
         -----------------------------------------------------------------

1xN003:  -------------------------------------------------------------------------------
         TST aware field source monitor processing forced by environment variable: false
         No TST aware field source monitors to be processed
         -------------------------------------------------------------------------------

1xN003:  =================================
         Finished matrix computation (PBA)
         =================================

1xN003:  <<<<<<<<<<<<<<<<<<<<<<<<<<<<<<<<<<<<<<<<<<<<<<<<<<<<<<<<<<<<
         Fri Fri May  8 13:19:31 2026
         Resource usage for calculating matrix coefficients per node:
         	Runtime                          00:00:02.00423 s
         	Peak Memory Estimation:                  145 MB
         	Peak Memory Usage:                        51 MB
         <<<<<<<<<<<<<<<<<<<<<<<<<<<<<<<<<<<<<<<<<<<<<<<<<<<<<<<<<<<<



<<<<<<<<<<<<<<<<<<<<<<<<<<<<<<<<<<<<<<<<<<<<<<<<<
Fri Fri May  8 13:19:34 2026
Resource usage for parallelization control:
	Runtime                      00:00:06.00484 s
<<<<<<<<<<<<<<<<<<<<<<<<<<<<<<<<<<<<<<<<<<<<<<<<<

------------------------------------------------------------------------------------------------------------------------------
PBAMeshFeedback - InfoMap: 0[ms] - SBCell navigation: Using legacy edges - CornerCorrectionLinesAndWires: 0[ms] - Write: 0[ms]
ConnectivityAXG - Load: 3[ms] - Setup: 0[ms] - Convert: 1[ms] ( Groups: 3 - Shapes: 5 - Threads: 8 ) - Write: 0[ms]
ConnectivityAXG - Load: 3[ms] - Setup: 0[ms] - Convert: 1[ms] ( Groups: 3 - Shapes: 5 - Threads: 8 ) - Write: 0[ms]
------------------------------------------------------------------------------------------------------------------------------

--------------------------------
# of staircase filled cells: 0
# of staircase filled areas: 0
# of staircase filled edges: 0
# of faces above fill limit: 0
# of edges with FPBA topology: 0
--------------------------------

