3400 0 6 0           
22 CST MICROSTRIPES 9.4.5 14 ACIS 34.0.1 NT 24 Fri May  8 13:07:57 2026 
1 9.9999999999999995e-07 1e-10 
T @77 JK9YD6PHCS5VTCYFNHYYGE5A_7CVVMNENAR3PJP3FCQKQAQ37D8MNJPE7D9CKCN2YDSKMRPX6D6MF 
body $6 -1 -1 $-1 0 $7 $-1 $-1 F #
body $8 -1 -1 $-1 0 $9 $-1 $-1 T 0 -1 -15 0.10000000000000001 1 15 #
body $10 -1 -1 $-1 0 $11 $-1 $-1 T 0.13500000000000001 -0.098000000000000004 -15 0.17000000000000004 0.098000000000000004 -14.982500000000002 #
body $12 -1 -1 $-1 0 $13 $-1 $-1 T 0.10000000000000001 -1 -15 0.13500000000000001 1 15 #
body $14 -1 -1 $-1 0 $15 $-1 $-1 T -0.035000000000000003 -0.098000000000000004 -15 0 0.098000000000000004 15 #
microstripes-kcc $16 -1 @0  1 4.0000000534057278e-10 -40 0 15000000000 $17 $18 $19 $-1 $20 $21 $22 $-1 $-1 $-1 $-1 $-1 $-1 $-1 $23 F F $-1 0 4 @33 surface-current (t=0...22(0.005)) @15 surface-current 0 0 5.0000000000000005e-12 2.2000000000000002e-10 -1 0 0 0 0 0 0 @29 h-field (t=0...22(0.005);y=0) @7 H-field 0 0 5.0000000000000005e-12 2.2000000000000002e-10 -1 -2.7530000000000001 0 -15 0.13500000000000001 0 17 @29 e-field (t=0...22(0.005);y=0) @7 E-field 0 0 5.0000000000000005e-12 2.2000000000000002e-10 -1 -0.753 0 -15 0.17000000000000004 0 15 @26 h-field (t=0..0.22(0.005)) @7 H-field 0 0 5.0000000000000005e-12 2.2000000000000002e-10 -1 0 0 0 0 0 0 $-1 #
group_ptr-ct-attrib $-1 -1 $24 $-1 $0 1 1 1 1 1 1 1 1 1 1 1 0 0 0 0 1 0 1 $25 #
lump $-1 -1 -1 $-1 $-1 $26 $0 F #
name_attrib-gen-attrib $-1 -1 $27 $-1 $1 2 1 1 1 1 1 1 1 1 1 1 1 1 1 0 1 1 1 @22 ncomponent1:dielectric #
lump $-1 -1 -1 $-1 $-1 $28 $1 T 0 -1 -15 0.10000000000000001 1 15 #
name_attrib-gen-attrib $-1 -1 $29 $-1 $2 2 1 1 1 1 1 1 1 1 1 1 1 1 1 0 1 1 1 @18 ncomponent1:ground #
lump $-1 -1 -1 $-1 $-1 $30 $2 T 0.13500000000000001 -0.098000000000000004 -15 0.17000000000000004 0.098000000000000004 -14.982500000000002 #
name_attrib-gen-attrib $-1 -1 $31 $-1 $3 2 1 1 1 1 1 1 1 1 1 1 1 1 1 0 1 1 1 @17 ncomponent1:plane #
lump $-1 -1 -1 $-1 $-1 $32 $3 T 0.10000000000000001 -1 -15 0.13500000000000001 1 15 #
name_attrib-gen-attrib $-1 -1 $33 $-1 $4 2 1 1 1 1 1 1 1 1 1 1 1 1 1 0 1 1 1 @17 ncomponent1:trace #
lump $-1 -1 -1 $-1 $-1 $34 $4 T -0.035000000000000003 -0.098000000000000004 -15 0 0.098000000000000004 15 #
debye-kcc-attrib $-1 -1 $-1 $-1 $5 1 1 1 1 1 1 1 1 1 1 1 1 0 1 0 1 1 1 @12 [Background] T 0 1 1 0 0 0 0 0 
	1 1 0 #
boundary_conditions-kcc $-1 -1 0 0 0 0 0 0 F F 0 F 0 0 T T 5 4 4 4 #
lattice-kcc $-1 -1 18 -2.7530000000000001 1 -2.0846496198550581 1 -1.5317236965963823 1 -1.0910394185955188 1 -0.753 1 -0.49898600998532128 1 -0.31968887125057471 1 -0.20000000000000015 1 -0.10000000000000021 1 0 1 0.10000000000000001 1 0.20000000000000004 1 0.29999999999999993 1 0.40516103879791626 1 0.56395580522806132 1 0.79362372627120237 1 1.1190898995919736 1 1.5685079835331328 1 2.1699999999999999 
	12 -1 1 -0.77933220696063432 1 -0.58670159250282283 1 -0.4252552958530047 1 -0.29799999999999965 1 -0.1979999999999999 1 -0.098000000000000004 1 0.098000000000000004 2 0.29799999999999999 1 0.42525529585300509 1 0.58670159250282328 1 0.77933220696063454 1 1 
	47 -15 1 -14.899999999999999 1 -14.799999999999999 1 -14.670728602104889 1 -14.469980726688554 1 -14.169111222885991 1 -13.718461935008426 1 -13.044011964641557 1 -12.11090588168325 1 -11.14824664534388 2 -9.222928172665144 1 -8.2602689363257777 1 -7.2976096999864097 1 -6.3349504636470408 1 -5.3722912273076746 1 -4.4096319909683057 1 -3.4469727546291029 1 -2.4843135182898992 1 -1.5216542819506962 1 -0.55899504561149316 1 0.40366419072771126 1 1.3663234270669156 1 2.3289826634061161 1 3.2916418997453212 1 4.2543011360845222 1 5.2169603724237259 1 6.1796196087629305 1 7.1422788451021315 1 8.1049380814413396 1 9.0675973177805425 1 10.030256554119743 1 10.992915790458948 1 11.955575026798479 1 12.908994055177168 1 13.633986130041391 1 14.118502310819228 1 14.442011130733912 1 14.657891644976877 1 14.799999999999761 1 14.899999999999757 1 15 1 15.100000000000001 1 15.200000000000001 1 15.341514077487927 1 15.554706613277551 1 15.869756442771134 1 16.33145634983018 1 17 
	0 0 0 0 0 0 T T 1.99861632 5 #
cautomeshsettings-kcc $-1 -1 0 0 0 0 0 0 0 0 0 0 0 0 0 0 0 0 2 T T F T T F T T F T 5 20 F F F 15000000000 #
oldport-aport-kcc $-1 -1 1 2 1 0 T F 0 $-1 $-1 $-1 0 @1 1 T -1 $35 T @6 -0.753 @3 0.1 @6 -0.816 @5 0.816 @3 -15 @3 -15 F F #
output_region_frequency-kcc $-1 -1 0 F F F F F F F F F F 0 0 -1 7 7 0 0 0 0 0 0 T T T F 
	0 0 0 0 0 0 
	0 0 0 0 0 0 
	0 0 0 0 0 0 F F 0 #
output_region_time-kcc $-1 -1 1 0 T T F T 
	F T F -2.7530000000000001 -1 -15 2.1699999999999999 1 17 
	0 0 0 0 0 0 
	#
path_integral-kcc $-1 -1 T 1 4 
	0 0 0 
	-0.050000000000000003 0 0 
	-0.050000000000000003 0 0 
	-0.10000000000000001 0 0 $-1 $-1 $-1 @8 voltage1 #
name_attrib-gen-attrib $-1 -1 $36 $6 $0 2 1 1 1 1 1 1 1 1 1 1 1 1 1 0 1 1 1 @15 TLMShapeUseBrep #
ms_group-collection $37 -1 0 0 0 0 0 0 0 1 0 0 1 0 #
shell $-1 -1 -1 $-1 $-1 $-1 $38 $-1 $7 F #
rgb_color-st-attrib $-1 -1 $39 $8 $1 2 1 2 1 1 1 1 1 1 1 1 1 1 1 0 1 1 1 0.93999999761581421 0.81999999284744263 0.75999999046325684 #
shell $-1 -1 -1 $-1 $-1 $-1 $40 $-1 $9 T 0 -1 -15 0.10000000000000001 1 15 #
rgb_color-st-attrib $-1 -1 $41 $10 $2 2 1 2 1 1 1 1 1 1 1 1 1 1 1 0 1 1 1 0.80000001192092896 0.80000001192092896 0.80000001192092896 #
shell $-1 -1 -1 $-1 $-1 $-1 $42 $-1 $11 T 0.13500000000000001 -0.098000000000000004 -15 0.17000000000000004 0.098000000000000004 -14.982500000000002 #
rgb_color-st-attrib $-1 -1 $43 $12 $3 2 1 2 1 1 1 1 1 1 1 1 1 1 1 0 1 1 1 1 1 0 #
shell $-1 -1 -1 $-1 $-1 $-1 $44 $-1 $13 T 0.10000000000000001 -1 -15 0.13500000000000001 1 15 #
rgb_color-st-attrib $-1 -1 $45 $14 $4 2 1 2 1 1 1 1 1 1 1 1 1 1 1 0 1 1 1 1 1 0 #
shell $-1 -1 -1 $-1 $-1 $-1 $46 $-1 $15 T -0.035000000000000003 -0.098000000000000004 -15 0 0.098000000000000004 15 #
transient-kcc-attrib $-1 -1 $-1 $-1 $-1 1 1 1 1 1 1 1 1 1 1 1 1 0 1 1 1 1 1 4.0000000000000007e-10 3e-11 2.0000000000000002e-11 3e-11 @7 signal1 10 F #
faceport-kcc-attrib $-1 -1 $47 $24 $0 1 1 1 1 1 1 1 1 1 1 1 1 0 1 0 1 1 1 0 3 F @12 Folder1:load 0 
	5 2 0.016666666666666666 -0.098000000000000004 15 
	0.016666666666666666 0.098000000000000004 15 
	2 0.033333333333333333 -0.098000000000000004 15.000000000000002 
	0.033333333333333333 0.098000000000000004 15.000000000000002 
	2 0.050000000000000003 -0.098000000000000004 15 
	0.050000000000000003 0.098000000000000004 15 
	2 0.066666666666666666 -0.098000000000000004 15 
	0.066666666666666666 0.098000000000000004 15 
	2 0.083333333333333329 -0.098000000000000004 15 
	0.083333333333333329 0.098000000000000004 15 
	0 T F 0 1 1 $-1 F @12 Folder1:load 0 0 0 0.014999999999999999 0.0001 0 0.014999999999999999 #
group-solid-csg-kcc-attrib $-1 -1 $48 $-1 $25 1 1 1 1 1 1 1 1 1 1 1 1 0 1 0 1 1 1 T @5 Ports $-1 #
face $49 -1 -1 $-1 $-1 $50 $26 $-1 $51 forward double out F F #
debye-kcc-attrib $-1 -1 $52 $27 $1 1 1 1 1 1 1 1 1 1 1 1 1 0 1 0 1 1 1 @12 FR-4 (lossy) T 3 4.554362577692781 1 0 0 0 4.0456374223072196 0 
	1000000000 0.18312494255519549 0 0 0 0 
	10000000000 0.14247527027517004 0 0 0 0 
	100000000000 0.18312494255519554 0 0 0 0 
	1 1 0 #
face $53 -1 -1 $-1 $54 $55 $28 $-1 $56 forward single T 0 -1 15 0.10000000000000001 1 15 F #
metal-kcc-attrib $-1 -1 $57 $29 $2 1 1 1 1 1 1 1 1 1 1 1 1 0 1 0 1 1 1 @3 PEC T 0 1 #
face $58 -1 -1 $-1 $59 $60 $30 $-1 $61 forward single T 0.13500000000000001 -0.098000000000000004 -14.982500000000002 0.17000000000000004 0.098000000000000004 -14.982500000000002 F #
metal-kcc-attrib $-1 -1 $62 $31 $3 1 1 1 1 1 1 1 1 1 1 1 1 0 1 0 1 1 1 @13 Copper (pure) F 59600000 1 1 #
face $63 -1 -1 $-1 $64 $65 $32 $-1 $66 forward single T 0.10000000000000001 -1 15 0.13500000000000001 1 15 F #
metal-kcc-attrib $-1 -1 $67 $33 $4 1 1 1 1 1 1 1 1 1 1 1 1 0 1 0 1 1 1 @13 Copper (pure) F 59600000 1 1 #
face $68 -1 -1 $-1 $69 $70 $34 $-1 $71 forward single T -0.035000000000000003 -0.098000000000000004 15 0 0.098000000000000004 15 F #
string_attrib-name_attrib-gen-attrib $-1 -1 $72 $36 $0 2 1 1 1 1 1 1 1 1 1 1 1 1 1 0 1 1 1 @11 entity_name @41 discrete_face_lumped_element:Folder1:load #
string_attrib-name_attrib-gen-attrib $-1 -1 $-1 $37 $25 2 1 1 1 1 1 1 1 1 1 1 1 1 1 0 1 1 1 @11 entity_name @5 Ports #
integer_attrib-name_attrib-gen-attrib $-1 -1 $73 $-1 $38 2 0 0 1 1 1 1 1 1 1 1 1 1 1 0 1 1 1 @3 fif 0 #
loop $-1 -1 -1 $-1 $-1 $74 $38 F unknown #
plane-surface $-1 -1 -1 $-1 0 0 15 -0 -0 -1 1 0 0 forward_v I I I I #
integer_attrib-name_attrib-gen-attrib $-1 -1 $75 $39 $1 2 4 2 1 1 1 1 1 1 1 1 1 1 1 0 1 1 1 @4 csid 0 #
integer_attrib-name_attrib-gen-attrib $-1 -1 $76 $-1 $40 2 4 2 1 1 1 1 1 1 1 1 1 1 1 0 1 1 1 @12 __EntityID__ 22 #
face $77 -1 -1 $-1 $78 $79 $28 $-1 $80 reversed single T 0 -1 -15 0.10000000000000001 1 -15 F #
loop $-1 -1 -1 $-1 $-1 $81 $40 T 0 -1 15 0.10000000000000001 1 15 unknown #
plane-surface $-1 -1 -1 $-1 0.050000000000000003 0 15 0 0 1 1 0 0 forward_v I I I I #
integer_attrib-name_attrib-gen-attrib $-1 -1 $82 $41 $2 2 4 2 1 1 1 1 1 1 1 1 1 1 1 0 1 1 1 @4 csid 1 #
integer_attrib-name_attrib-gen-attrib $-1 -1 $83 $-1 $42 2 4 2 1 1 1 1 1 1 1 1 1 1 1 0 1 1 1 @12 __EntityID__ 49 #
face $84 -1 -1 $-1 $85 $86 $30 $-1 $87 reversed single T 0.13500000000000001 -0.098000000000000004 -15 0.17000000000000004 0.098000000000000004 -15 F #
loop $-1 -1 -1 $-1 $-1 $88 $42 T 0.13500000000000001 -0.098000000000000004 -14.982500000000002 0.17000000000000004 0.098000000000000004 -14.982500000000002 unknown #
plane-surface $-1 -1 -1 $-1 0.15250000000000002 0 -14.982500000000002 0 0 1 1 0 0 forward_v I I I I #
integer_attrib-name_attrib-gen-attrib $-1 -1 $89 $43 $3 2 4 2 1 1 1 1 1 1 1 1 1 1 1 0 1 1 1 @4 csid 2 #
integer_attrib-name_attrib-gen-attrib $-1 -1 $90 $-1 $44 2 4 2 1 1 1 1 1 1 1 1 1 1 1 0 1 1 1 @12 __EntityID__ 76 #
face $91 -1 -1 $-1 $92 $93 $32 $-1 $94 forward single T 0.10000000000000001 1 -15 0.13500000000000001 1 15 F #
loop $-1 -1 -1 $-1 $-1 $95 $44 T 0.10000000000000001 -1 15 0.13500000000000001 1 15 unknown #
plane-surface $-1 -1 -1 $-1 0.10000000000000001 0 15 0 0 1 -0 -1 -0 forward_v I I I I #
integer_attrib-name_attrib-gen-attrib $-1 -1 $96 $45 $4 2 4 2 1 1 1 1 1 1 1 1 1 1 1 0 1 1 1 @4 csid 3 #
integer_attrib-name_attrib-gen-attrib $-1 -1 $97 $-1 $46 2 4 2 1 1 1 1 1 1 1 1 1 1 1 0 1 1 1 @12 __EntityID__ 103 #
face $98 -1 -1 $-1 $99 $100 $34 $-1 $101 reversed single T -0.035000000000000003 -0.098000000000000004 -15 0 0.098000000000000004 -15 F #
loop $-1 -1 -1 $-1 $-1 $102 $46 T -0.035000000000000003 -0.098000000000000004 15 0 0.098000000000000004 15 unknown #
plane-surface $-1 -1 -1 $-1 -0.017500000000000002 0 15 0 0 1 1 0 0 forward_v I I I I #
metal-kcc-attrib $-1 -1 $103 $47 $0 1 1 1 1 1 1 1 1 1 1 1 1 0 1 0 1 1 1 @8 Lossless T 0 1 #
integer_attrib-name_attrib-gen-attrib $-1 -1 $-1 $49 $38 2 1 1 1 1 1 1 1 1 1 1 1 1 1 0 1 1 1 @3 pid 1 #
coedge $-1 -1 -1 $-1 $104 $105 $-1 $106 forward $50 $-1 #
integer_attrib-name_attrib-gen-attrib $-1 -1 $107 $52 $1 2 4 2 1 1 1 1 1 1 1 1 1 1 1 0 1 1 1 @12 __EntityID__ 1 #
name_attrib-gen-attrib $-1 -1 $108 $53 $40 0 0 0 0 1 1 1 1 1 1 1 0 1 0 0 1 0 1 @4 bbox #
integer_attrib-name_attrib-gen-attrib $-1 -1 $109 $-1 $54 2 4 2 1 1 1 1 1 1 1 1 1 1 1 0 1 1 1 @12 __EntityID__ 23 #
face $110 -1 -1 $-1 $111 $112 $28 $-1 $113 reversed single T 0 -1 -15 0.10000000000000001 -1 15 F #
loop $-1 -1 -1 $-1 $-1 $114 $54 T 0 -1 -15 0.10000000000000001 1 -15 unknown #
plane-surface $-1 -1 -1 $-1 0.050000000000000003 0 -15 0 0 1 1 0 0 forward_v I I I I #
coedge $-1 -1 -1 $-1 $115 $116 $117 $118 forward $55 $-1 #
integer_attrib-name_attrib-gen-attrib $-1 -1 $119 $57 $2 2 4 2 1 1 1 1 1 1 1 1 1 1 1 0 1 1 1 @12 __EntityID__ 28 #
name_attrib-gen-attrib $-1 -1 $120 $58 $42 0 0 0 0 1 1 1 1 1 1 1 0 1 0 0 1 0 1 @4 bbox #
integer_attrib-name_attrib-gen-attrib $-1 -1 $121 $-1 $59 2 4 2 1 1 1 1 1 1 1 1 1 1 1 0 1 1 1 @12 __EntityID__ 50 #
face $122 -1 -1 $-1 $123 $124 $30 $-1 $125 reversed single T 0.13500000000000001 -0.098000000000000004 -15 0.17000000000000004 -0.098000000000000004 -14.982500000000002 F #
loop $-1 -1 -1 $-1 $-1 $126 $59 T 0.13500000000000001 -0.098000000000000004 -15 0.17000000000000004 0.098000000000000004 -15 unknown #
plane-surface $-1 -1 -1 $-1 0.15250000000000002 0 -15 0 0 1 1 0 0 forward_v I I I I #
coedge $-1 -1 -1 $-1 $127 $128 $129 $130 forward $60 $-1 #
integer_attrib-name_attrib-gen-attrib $-1 -1 $131 $62 $3 2 4 2 1 1 1 1 1 1 1 1 1 1 1 0 1 1 1 @12 __EntityID__ 55 #
name_attrib-gen-attrib $-1 -1 $132 $63 $44 0 0 0 0 1 1 1 1 1 1 1 0 1 0 0 1 0 1 @4 bbox #
integer_attrib-name_attrib-gen-attrib $-1 -1 $133 $-1 $64 2 4 2 1 1 1 1 1 1 1 1 1 1 1 0 1 1 1 @12 __EntityID__ 77 #
face $134 -1 -1 $-1 $135 $136 $32 $-1 $137 forward single T 0.10000000000000001 -1 -15 0.13500000000000001 1 -15 F #
loop $-1 -1 -1 $-1 $-1 $138 $64 T 0.10000000000000001 1 -15 0.13500000000000001 1 15 unknown #
plane-surface $-1 -1 -1 $-1 0.10000000000000001 1 0 -0 1 0 -0 -0 1 forward_v I I I I #
coedge $-1 -1 -1 $-1 $139 $140 $141 $142 forward $65 $-1 #
integer_attrib-name_attrib-gen-attrib $-1 -1 $143 $67 $4 2 4 2 1 1 1 1 1 1 1 1 1 1 1 0 1 1 1 @12 __EntityID__ 82 #
name_attrib-gen-attrib $-1 -1 $144 $68 $46 0 0 0 0 1 1 1 1 1 1 1 0 1 0 0 1 0 1 @4 bbox #
integer_attrib-name_attrib-gen-attrib $-1 -1 $145 $-1 $69 2 4 2 1 1 1 1 1 1 1 1 1 1 1 0 1 1 1 @12 __EntityID__ 104 #
face $146 -1 -1 $-1 $147 $148 $34 $-1 $149 reversed single T -0.035000000000000003 -0.098000000000000004 -15 0 -0.098000000000000004 15 F #
loop $-1 -1 -1 $-1 $-1 $150 $69 T -0.035000000000000003 -0.098000000000000004 -15 0 0.098000000000000004 -15 unknown #
plane-surface $-1 -1 -1 $-1 -0.017500000000000002 0 -15 0 0 1 1 0 0 forward_v I I I I #
coedge $-1 -1 -1 $-1 $151 $152 $153 $154 forward $70 $-1 #
string_attrib-name_attrib-gen-attrib $-1 -1 $155 $72 $0 2 1 1 1 1 1 1 1 1 1 1 1 1 1 0 1 1 1 @14 is_lumped_body @15 fa$Folder1:load #
coedge $-1 -1 -1 $-1 $156 $74 $-1 $157 forward $50 $-1 #
coedge $-1 -1 -1 $-1 $74 $156 $-1 $158 reversed $50 $-1 #
edge $159 -1 -1 $-1 $160 -0.098000000000000004 $161 0.098000000000000004 $74 $162 forward @7 unknown F #
integer_attrib-name_attrib-gen-attrib $-1 -1 $163 $75 $1 2 1 1 1 1 1 1 1 1 1 1 1 1 1 0 1 1 1 @17 object_visibility 0 #
cstbboxcache-cst-attrib $-1 -1 $164 $76 $40 0 0 0 0 0 0 0 0 0 0 0 1 0 1 0 1 1 1 0 0.10000000000000001 -1 1 15 15 #
name_attrib-gen-attrib $-1 -1 $165 $77 $54 0 0 0 0 1 1 1 1 1 1 1 0 1 0 0 1 0 1 @4 bbox #
integer_attrib-name_attrib-gen-attrib $-1 -1 $166 $-1 $78 2 4 2 1 1 1 1 1 1 1 1 1 1 1 0 1 1 1 @12 __EntityID__ 24 #
face $167 -1 -1 $-1 $168 $169 $28 $-1 $170 reversed single T 0 -1 -15 0 1 15 F #
loop $-1 -1 -1 $-1 $-1 $171 $78 T 0 -1 -15 0.10000000000000001 -1 15 unknown #
plane-surface $-1 -1 -1 $-1 0.050000000000000003 -1 0 0 1 0 0 0 1 forward_v I I I I #
coedge $-1 -1 -1 $-1 $172 $173 $174 $175 forward $79 $-1 #
coedge $-1 -1 -1 $-1 $176 $81 $177 $178 forward $55 $-1 #
coedge $-1 -1 -1 $-1 $81 $176 $179 $180 forward $55 $-1 #
coedge $-1 -1 -1 $-1 $181 $182 $81 $118 reversed $183 $-1 #
edge $184 -1 -1 $-1 $185 -1 $186 1 $117 $187 forward @7 unknown T 0.10000000000000001 -1 15 0.10000000000000001 1 15 #
integer_attrib-name_attrib-gen-attrib $-1 -1 $188 $82 $2 2 1 1 1 1 1 1 1 1 1 1 1 1 1 0 1 1 1 @17 object_visibility 0 #
cstbboxcache-cst-attrib $-1 -1 $189 $83 $42 0 0 0 0 0 0 0 0 0 0 0 1 0 1 0 1 1 1 0.13500000000000001 0.17000000000000004 -0.098000000000000004 0.098000000000000004 -14.982500000000002 -14.982500000000002 #
name_attrib-gen-attrib $-1 -1 $190 $84 $59 0 0 0 0 1 1 1 1 1 1 1 0 1 0 0 1 0 1 @4 bbox #
integer_attrib-name_attrib-gen-attrib $-1 -1 $191 $-1 $85 2 4 2 1 1 1 1 1 1 1 1 1 1 1 0 1 1 1 @12 __EntityID__ 51 #
face $192 -1 -1 $-1 $193 $194 $30 $-1 $195 reversed single T 0.13500000000000001 -0.098000000000000004 -15 0.13500000000000001 0.098000000000000004 -14.982500000000002 F #
loop $-1 -1 -1 $-1 $-1 $196 $85 T 0.13500000000000001 -0.098000000000000004 -15 0.17000000000000004 -0.098000000000000004 -14.982500000000002 unknown #
plane-surface $-1 -1 -1 $-1 0.15250000000000002 -0.098000000000000004 -14.991250000000001 0 1 0 0 0 1 forward_v I I I I #
coedge $-1 -1 -1 $-1 $197 $198 $199 $200 forward $86 $-1 #
coedge $-1 -1 -1 $-1 $201 $88 $202 $203 forward $60 $-1 #
coedge $-1 -1 -1 $-1 $88 $201 $204 $205 forward $60 $-1 #
coedge $-1 -1 -1 $-1 $206 $207 $88 $130 reversed $208 $-1 #
edge $209 -1 -1 $-1 $210 -0.098000000000000004 $211 0.098000000000000004 $129 $212 forward @7 unknown T 0.17000000000000004 -0.098000000000000004 -14.982500000000002 0.17000000000000004 0.098000000000000004 -14.982500000000002 #
integer_attrib-name_attrib-gen-attrib $-1 -1 $213 $89 $3 2 1 1 1 1 1 1 1 1 1 1 1 1 1 0 1 1 1 @17 object_visibility 0 #
cstbboxcache-cst-attrib $-1 -1 $214 $90 $44 0 0 0 0 0 0 0 0 0 0 0 1 0 1 0 1 1 1 0.10000000000000001 0.13500000000000001 -1 1 15 15 #
name_attrib-gen-attrib $-1 -1 $215 $91 $64 0 0 0 0 1 1 1 1 1 1 1 0 1 0 0 1 0 1 @4 bbox #
integer_attrib-name_attrib-gen-attrib $-1 -1 $216 $-1 $92 2 4 2 1 1 1 1 1 1 1 1 1 1 1 0 1 1 1 @12 __EntityID__ 78 #
face $217 -1 -1 $-1 $218 $219 $32 $-1 $220 forward single T 0.10000000000000001 -1 -15 0.13500000000000001 -1 15 F #
loop $-1 -1 -1 $-1 $-1 $221 $92 T 0.10000000000000001 -1 -15 0.13500000000000001 1 -15 periphery $137 F #
plane-surface $-1 -1 -1 $-1 0.10000000000000001 0 -15 0 0 -1 -0 1 -0 forward_v I I I I #
coedge $-1 -1 -1 $-1 $222 $223 $224 $225 forward $93 $-1 #
coedge $-1 -1 -1 $-1 $226 $95 $223 $227 reversed $65 $-1 #
coedge $-1 -1 -1 $-1 $95 $226 $228 $229 forward $65 $-1 #
coedge $-1 -1 -1 $-1 $230 $224 $95 $142 reversed $231 $-1 #
edge $232 -1 -1 $-1 $233 -1 $234 1 $95 $235 forward @7 unknown T 0.13500000000000001 -1 15 0.13500000000000001 1 15 #
integer_attrib-name_attrib-gen-attrib $-1 -1 $236 $96 $4 2 1 1 1 1 1 1 1 1 1 1 1 1 1 0 1 1 1 @17 object_visibility 0 #
cstbboxcache-cst-attrib $-1 -1 $237 $97 $46 0 0 0 0 0 0 0 0 0 0 0 1 0 1 0 1 1 1 -0.035000000000000003 0 -0.098000000000000004 0.098000000000000004 15 15 #
name_attrib-gen-attrib $-1 -1 $238 $98 $69 0 0 0 0 1 1 1 1 1 1 1 0 1 0 0 1 0 1 @4 bbox #
integer_attrib-name_attrib-gen-attrib $-1 -1 $239 $-1 $99 2 4 2 1 1 1 1 1 1 1 1 1 1 1 0 1 1 1 @12 __EntityID__ 105 #
face $240 -1 -1 $-1 $241 $242 $34 $-1 $243 reversed single T -0.035000000000000003 -0.098000000000000004 -15 -0.035000000000000003 0.098000000000000004 15 F #
loop $-1 -1 -1 $-1 $-1 $244 $99 T -0.035000000000000003 -0.098000000000000004 -15 0 -0.098000000000000004 15 unknown #
plane-surface $-1 -1 -1 $-1 -0.017500000000000002 -0.098000000000000004 0 0 1 0 0 0 1 forward_v I I I I #
coedge $-1 -1 -1 $-1 $245 $246 $247 $248 forward $100 $-1 #
coedge $-1 -1 -1 $-1 $249 $102 $250 $251 forward $70 $-1 #
coedge $-1 -1 -1 $-1 $102 $249 $252 $253 forward $70 $-1 #
coedge $-1 -1 -1 $-1 $254 $255 $102 $154 reversed $256 $-1 #
edge $257 -1 -1 $-1 $258 -0.098000000000000004 $259 0.098000000000000004 $153 $260 forward @7 unknown T 0 -0.098000000000000004 15 0 0.098000000000000004 15 #
name_attrib-gen-attrib $-1 -1 $261 $103 $0 2 1 1 1 1 1 1 1 1 1 1 1 1 1 0 1 1 1 @17 abody_is_no_solid #
coedge $-1 -1 -1 $-1 $105 $104 $-1 $262 reversed $50 $-1 #
edge $263 -1 -1 $-1 $161 0 $264 0.10000000000000001 $104 $265 forward @7 unknown F #
edge $266 -1 -1 $-1 $160 0 $267 0.10000000000000001 $105 $268 forward @7 unknown F #
name_attrib-gen-attrib $-1 -1 $269 $-1 $106 2 1 1 1 1 1 1 1 1 1 1 1 1 1 0 1 1 1 @3 eif #
vertex $270 -1 -1 $-1 $158 $271 #
vertex $272 -1 -1 $-1 $157 $273 #
straight-curve $-1 -1 -1 $-1 0 0 15 0 1 0 1 I I #
name_attrib-gen-attrib $-1 -1 $274 $107 $1 2 1 1 1 1 1 1 1 1 1 1 1 1 1 0 1 1 1 @13 mFR-4 (lossy) #
integer_attrib-name_attrib-gen-attrib $-1 -1 $275 $108 $40 2 0 0 1 1 1 1 1 1 1 1 1 1 1 0 1 1 1 @3 fif 0 #
cstbboxcache-cst-attrib $-1 -1 $276 $109 $54 0 0 0 0 0 0 0 0 0 0 0 1 0 1 0 1 1 1 0 0.10000000000000001 -1 1 -15 -15 #
name_attrib-gen-attrib $-1 -1 $277 $110 $78 0 0 0 0 1 1 1 1 1 1 1 0 1 0 0 1 0 1 @4 bbox #
integer_attrib-name_attrib-gen-attrib $-1 -1 $278 $-1 $111 2 4 2 1 1 1 1 1 1 1 1 1 1 1 0 1 1 1 @12 __EntityID__ 25 #
face $279 -1 -1 $-1 $280 $281 $28 $-1 $282 reversed single T 0 1 -15 0.10000000000000001 1 15 F #
loop $-1 -1 -1 $-1 $-1 $283 $111 T 0 -1 -15 0 1 15 unknown #
plane-surface $-1 -1 -1 $-1 0 0 0 1 0 0 0 0 -1 forward_v I I I I #
coedge $-1 -1 -1 $-1 $284 $179 $285 $286 forward $112 $-1 #
coedge $-1 -1 -1 $-1 $287 $114 $284 $288 forward $79 $-1 #
coedge $-1 -1 -1 $-1 $114 $287 $289 $290 forward $79 $-1 #
coedge $-1 -1 -1 $-1 $182 $181 $114 $175 reversed $183 $-1 #
edge $291 -1 -1 $-1 $292 -1 $293 1 $174 $294 forward @7 unknown T 0.10000000000000001 -1 -15 0.10000000000000001 1 -15 #
coedge $-1 -1 -1 $-1 $116 $115 $295 $296 forward $55 $-1 #
coedge $-1 -1 -1 $-1 $297 $298 $115 $178 reversed $281 $-1 #
edge $299 -1 -1 $-1 $186 -0.050000000000000003 $300 0.050000000000000003 $177 $301 forward @7 unknown T 0 1 15 0.10000000000000001 1 15 #
coedge $-1 -1 -1 $-1 $171 $302 $116 $180 reversed $112 $-1 #
edge $303 -1 -1 $-1 $304 -0.050000000000000003 $185 0.050000000000000003 $179 $305 forward @7 unknown T 0 -1 15 0.10000000000000001 -1 15 #
coedge $-1 -1 -1 $-1 $174 $117 $302 $306 forward $183 $-1 #
coedge $-1 -1 -1 $-1 $117 $174 $297 $307 reversed $183 $-1 #
loop $-1 -1 -1 $-1 $-1 $181 $280 T 0.10000000000000001 -1 -15 0.10000000000000001 1 15 periphery $308 T #
integer_attrib-name_attrib-gen-attrib $-1 -1 $309 $-1 $118 2 4 2 1 1 1 1 1 1 1 1 1 1 1 0 1 1 1 @12 __EntityID__ 10 #
vertex $310 -1 -1 $-1 $118 $311 #
vertex $312 -1 -1 $-1 $118 $313 #
straight-curve $-1 -1 -1 $-1 0.10000000000000001 0 15 0 1 0 1 I I #
name_attrib-gen-attrib $-1 -1 $314 $119 $2 2 1 1 1 1 1 1 1 1 1 1 1 1 1 0 1 1 1 @4 mPEC #
integer_attrib-name_attrib-gen-attrib $-1 -1 $315 $120 $42 2 0 0 1 1 1 1 1 1 1 1 1 1 1 0 1 1 1 @3 fif 0 #
cstbboxcache-cst-attrib $-1 -1 $316 $121 $59 0 0 0 0 0 0 0 0 0 0 0 1 0 1 0 1 1 1 0.13500000000000001 0.17000000000000004 -0.098000000000000004 0.098000000000000004 -15 -15 #
name_attrib-gen-attrib $-1 -1 $317 $122 $85 0 0 0 0 1 1 1 1 1 1 1 0 1 0 0 1 0 1 @4 bbox #
integer_attrib-name_attrib-gen-attrib $-1 -1 $318 $-1 $123 2 4 2 1 1 1 1 1 1 1 1 1 1 1 0 1 1 1 @12 __EntityID__ 52 #
face $319 -1 -1 $-1 $320 $321 $30 $-1 $322 reversed single T 0.13500000000000001 0.098000000000000004 -15 0.17000000000000004 0.098000000000000004 -14.982500000000002 F #
loop $-1 -1 -1 $-1 $-1 $323 $123 T 0.13500000000000001 -0.098000000000000004 -15 0.13500000000000001 0.098000000000000004 -14.982500000000002 unknown #
plane-surface $-1 -1 -1 $-1 0.13500000000000001 0 -14.991250000000001 1 0 0 0 0 -1 forward_v I I I I #
coedge $-1 -1 -1 $-1 $324 $204 $325 $326 forward $124 $-1 #
coedge $-1 -1 -1 $-1 $327 $126 $324 $328 forward $86 $-1 #
coedge $-1 -1 -1 $-1 $126 $327 $329 $330 forward $86 $-1 #
coedge $-1 -1 -1 $-1 $207 $206 $126 $200 reversed $208 $-1 #
edge $331 -1 -1 $-1 $332 -0.098000000000000004 $333 0.098000000000000004 $199 $334 forward @7 unknown T 0.17000000000000004 -0.098000000000000004 -15 0.17000000000000004 0.098000000000000004 -15 #
coedge $-1 -1 -1 $-1 $128 $127 $335 $336 forward $60 $-1 #
coedge $-1 -1 -1 $-1 $337 $338 $127 $203 reversed $321 $-1 #
edge $339 -1 -1 $-1 $211 -0.017500000000000016 $340 0.017500000000000016 $202 $341 forward @7 unknown T 0.13500000000000001 0.098000000000000004 -14.982500000000002 0.17000000000000004 0.098000000000000004 -14.982500000000002 #
coedge $-1 -1 -1 $-1 $196 $342 $128 $205 reversed $124 $-1 #
edge $343 -1 -1 $-1 $344 -0.017500000000000016 $210 0.017500000000000016 $204 $345 forward @7 unknown T 0.13500000000000001 -0.098000000000000004 -14.982500000000002 0.17000000000000004 -0.098000000000000004 -14.982500000000002 #
coedge $-1 -1 -1 $-1 $199 $129 $342 $346 forward $208 $-1 #
coedge $-1 -1 -1 $-1 $129 $199 $337 $347 reversed $208 $-1 #
loop $-1 -1 -1 $-1 $-1 $206 $320 T 0.17000000000000004 -0.098000000000000004 -15 0.17000000000000004 0.098000000000000004 -14.982500000000002 unknown #
integer_attrib-name_attrib-gen-attrib $-1 -1 $348 $-1 $130 2 4 2 1 1 1 1 1 1 1 1 1 1 1 0 1 1 1 @12 __EntityID__ 37 #
vertex $349 -1 -1 $-1 $130 $350 #
vertex $351 -1 -1 $-1 $130 $352 #
straight-curve $-1 -1 -1 $-1 0.17000000000000004 0 -14.982500000000002 0 1 0 1 I I #
name_attrib-gen-attrib $-1 -1 $353 $131 $3 2 1 1 1 1 1 1 1 1 1 1 1 1 1 0 1 1 1 @14 mCopper (pure) #
integer_attrib-name_attrib-gen-attrib $-1 -1 $354 $132 $44 2 0 0 1 1 1 1 1 1 1 1 1 1 1 0 1 1 1 @3 fif 0 #
cstbboxcache-cst-attrib $-1 -1 $355 $133 $64 0 0 0 0 0 0 0 0 0 0 0 1 0 1 0 1 1 1 0.10000000000000001 0.13500000000000001 1 1 -15 15 #
name_attrib-gen-attrib $-1 -1 $356 $134 $92 0 0 0 0 1 1 1 1 1 1 1 0 1 0 0 1 0 1 @4 bbox #
integer_attrib-name_attrib-gen-attrib $-1 -1 $357 $-1 $135 2 4 2 1 1 1 1 1 1 1 1 1 1 1 0 1 1 1 @12 __EntityID__ 79 #
face $358 -1 -1 $-1 $359 $231 $32 $-1 $360 reversed single T 0.13500000000000001 -1 -15 0.13500000000000001 1 15 F #
loop $-1 -1 -1 $-1 $-1 $361 $135 T 0.10000000000000001 -1 -15 0.13500000000000001 -1 15 unknown #
plane-surface $-1 -1 -1 $-1 0.10000000000000001 -1 0 0 -1 0 0 0 -1 forward_v I I I I #
coedge $-1 -1 -1 $-1 $362 $363 $364 $365 forward $136 $-1 #
coedge $-1 -1 -1 $-1 $366 $138 $363 $367 reversed $93 $-1 #
coedge $-1 -1 -1 $-1 $138 $366 $139 $227 forward $93 $-1 #
coedge $-1 -1 -1 $-1 $141 $364 $138 $225 reversed $231 $-1 #
edge $368 -1 -1 $-1 $234 -15 $369 15 $138 $370 forward @7 unknown T 0.13500000000000001 1 -15 0.13500000000000001 1 15 #
coedge $-1 -1 -1 $-1 $140 $139 $371 $372 reversed $65 $-1 #
edge $373 -1 -1 $-1 $374 0 $234 0.035000000000000003 $223 $375 forward @7 unknown T 0.10000000000000001 1 15 0.13500000000000001 1 15 #
coedge $-1 -1 -1 $-1 $376 $361 $140 $229 reversed $219 $-1 #
edge $377 -1 -1 $-1 $378 0 $233 0.035000000000000003 $140 $379 forward @7 unknown T 0.10000000000000001 -1 15 0.13500000000000001 -1 15 #
coedge $-1 -1 -1 $-1 $364 $141 $361 $380 reversed $231 $-1 #
loop $-1 -1 -1 $-1 $-1 $141 $218 T 0.13500000000000001 -1 -15 0.13500000000000001 1 15 periphery $360 T #
integer_attrib-name_attrib-gen-attrib $-1 -1 $381 $-1 $142 2 4 2 1 1 1 1 1 1 1 1 1 1 1 0 1 1 1 @12 __EntityID__ 64 #
vertex $382 -1 -1 $-1 $229 $383 #
vertex $384 -1 -1 $-1 $227 $385 #
straight-curve $-1 -1 -1 $-1 0.13500000000000001 0 15 0 1 0 1 I I #
name_attrib-gen-attrib $-1 -1 $386 $143 $4 2 1 1 1 1 1 1 1 1 1 1 1 1 1 0 1 1 1 @14 mCopper (pure) #
integer_attrib-name_attrib-gen-attrib $-1 -1 $387 $144 $46 2 0 0 1 1 1 1 1 1 1 1 1 1 1 0 1 1 1 @3 fif 0 #
cstbboxcache-cst-attrib $-1 -1 $388 $145 $69 0 0 0 0 0 0 0 0 0 0 0 1 0 1 0 1 1 1 -0.035000000000000003 0 -0.098000000000000004 0.098000000000000004 -15 -15 #
name_attrib-gen-attrib $-1 -1 $389 $146 $99 0 0 0 0 1 1 1 1 1 1 1 0 1 0 0 1 0 1 @4 bbox #
integer_attrib-name_attrib-gen-attrib $-1 -1 $390 $-1 $147 2 4 2 1 1 1 1 1 1 1 1 1 1 1 0 1 1 1 @12 __EntityID__ 106 #
face $391 -1 -1 $-1 $392 $393 $34 $-1 $394 reversed single T -0.035000000000000003 0.098000000000000004 -15 0 0.098000000000000004 15 F #
loop $-1 -1 -1 $-1 $-1 $395 $147 T -0.035000000000000003 -0.098000000000000004 -15 -0.035000000000000003 0.098000000000000004 15 unknown #
plane-surface $-1 -1 -1 $-1 -0.035000000000000003 0 0 1 0 0 0 0 -1 forward_v I I I I #
coedge $-1 -1 -1 $-1 $396 $252 $397 $398 forward $148 $-1 #
coedge $-1 -1 -1 $-1 $399 $150 $396 $400 forward $100 $-1 #
coedge $-1 -1 -1 $-1 $150 $399 $401 $402 forward $100 $-1 #
coedge $-1 -1 -1 $-1 $255 $254 $150 $248 reversed $256 $-1 #
edge $403 -1 -1 $-1 $404 -0.098000000000000004 $405 0.098000000000000004 $247 $406 forward @7 unknown T 0 -0.098000000000000004 -15 0 0.098000000000000004 -15 #
coedge $-1 -1 -1 $-1 $152 $151 $407 $408 forward $70 $-1 #
coedge $-1 -1 -1 $-1 $409 $410 $151 $251 reversed $393 $-1 #
edge $411 -1 -1 $-1 $259 -0.017500000000000002 $412 0.017500000000000002 $250 $413 forward @7 unknown T -0.035000000000000003 0.098000000000000004 15 0 0.098000000000000004 15 #
coedge $-1 -1 -1 $-1 $244 $414 $152 $253 reversed $148 $-1 #
edge $415 -1 -1 $-1 $416 -0.017500000000000002 $258 0.017500000000000002 $252 $417 forward @7 unknown T -0.035000000000000003 -0.098000000000000004 15 0 -0.098000000000000004 15 #
coedge $-1 -1 -1 $-1 $247 $153 $414 $418 forward $256 $-1 #
coedge $-1 -1 -1 $-1 $153 $247 $409 $419 reversed $256 $-1 #
loop $-1 -1 -1 $-1 $-1 $254 $392 T 0 -0.098000000000000004 -15 0 0.098000000000000004 15 unknown #
integer_attrib-name_attrib-gen-attrib $-1 -1 $420 $-1 $154 2 4 2 1 1 1 1 1 1 1 1 1 1 1 0 1 1 1 @12 __EntityID__ 91 #
vertex $421 -1 -1 $-1 $154 $422 #
vertex $423 -1 -1 $-1 $154 $424 #
straight-curve $-1 -1 -1 $-1 0 0 15 0 1 0 1 I I #
integer_attrib-name_attrib-gen-attrib $-1 -1 $425 $155 $0 2 1 1 1 1 1 1 1 1 1 1 1 1 1 0 1 1 1 @3 noe 4 #
edge $426 -1 -1 $-1 $267 0 $264 0.19600000000000001 $156 $427 forward @7 unknown F #
name_attrib-gen-attrib $-1 -1 $428 $-1 $157 2 1 1 1 1 1 1 1 1 1 1 1 1 1 0 1 1 1 @3 eif #
vertex $429 -1 -1 $-1 $157 $430 #
straight-curve $-1 -1 -1 $-1 0 0.098000000000000004 15 1 0 0 1 I I #
name_attrib-gen-attrib $-1 -1 $431 $-1 $158 2 1 1 1 1 1 1 1 1 1 1 1 1 1 0 1 1 1 @3 eif #
vertex $432 -1 -1 $-1 $158 $433 #
straight-curve $-1 -1 -1 $-1 0 -0.098000000000000004 15 1 0 0 1 I I #
integer_attrib-name_attrib-gen-attrib $-1 -1 $434 $159 $106 2 1 1 1 1 1 1 1 1 1 1 1 1 1 0 1 1 1 @3 pid 1 #
integer_attrib-name_attrib-gen-attrib $-1 -1 $-1 $-1 $160 2 1 1 1 1 1 1 1 1 1 1 1 1 1 0 1 1 1 @3 pid 1 #
point $-1 -1 -1 $-1 0 -0.098000000000000004 15 #
integer_attrib-name_attrib-gen-attrib $-1 -1 $-1 $-1 $161 2 1 1 1 1 1 1 1 1 1 1 1 1 1 0 1 1 1 @3 pid 2 #
point $-1 -1 -1 $-1 0 0.098000000000000004 15 #
real_attrib-name_attrib-gen-attrib $-1 -1 $435 $163 $1 0 0 0 0 1 1 1 1 1 1 1 0 1 0 0 1 0 1 @8 bboxzmax 15 #
integer_attrib-name_attrib-gen-attrib $-1 -1 $-1 $164 $40 2 1 1 1 1 1 1 1 1 1 1 1 1 1 0 1 1 1 @3 pid 1 #
integer_attrib-name_attrib-gen-attrib $-1 -1 $436 $165 $54 2 0 0 1 1 1 1 1 1 1 1 1 1 1 0 1 1 1 @3 fif 0 #
cstbboxcache-cst-attrib $-1 -1 $437 $166 $78 0 0 0 0 0 0 0 0 0 0 0 1 0 1 0 1 1 1 0 0.10000000000000001 -1 -1 -15 15 #
name_attrib-gen-attrib $-1 -1 $438 $167 $111 0 0 0 0 1 1 1 1 1 1 1 0 1 0 0 1 0 1 @4 bbox #
integer_attrib-name_attrib-gen-attrib $-1 -1 $439 $-1 $168 2 4 2 1 1 1 1 1 1 1 1 1 1 1 0 1 1 1 @12 __EntityID__ 26 #
face $440 -1 -1 $-1 $-1 $183 $28 $-1 $308 reversed single T 0.10000000000000001 -1 -15 0.10000000000000001 1 15 F #
loop $-1 -1 -1 $-1 $-1 $297 $168 T 0 1 -15 0.10000000000000001 1 15 unknown #
plane-surface $-1 -1 -1 $-1 0.050000000000000003 1 0 0 -1 0 0 0 -1 forward_v I I I I #
coedge $-1 -1 -1 $-1 $441 $295 $298 $442 forward $169 $-1 #
coedge $-1 -1 -1 $-1 $302 $171 $172 $288 reversed $112 $-1 #
coedge $-1 -1 -1 $-1 $295 $441 $171 $286 reversed $169 $-1 #
edge $443 -1 -1 $-1 $304 -15 $444 15 $285 $445 forward @7 unknown T 0 -1 -15 0 -1 15 #
coedge $-1 -1 -1 $-1 $173 $172 $441 $446 forward $79 $-1 #
edge $447 -1 -1 $-1 $293 -0.050000000000000003 $444 0.050000000000000003 $284 $448 forward @7 unknown T 0 -1 -15 0.10000000000000001 -1 -15 #
coedge $-1 -1 -1 $-1 $298 $297 $173 $290 reversed $281 $-1 #
edge $449 -1 -1 $-1 $450 -0.050000000000000003 $292 0.050000000000000003 $289 $451 forward @7 unknown T 0 1 -15 0.10000000000000001 1 -15 #
integer_attrib-name_attrib-gen-attrib $-1 -1 $452 $-1 $175 2 4 2 1 1 1 1 1 1 1 1 1 1 1 0 1 1 1 @12 __EntityID__ 14 #
vertex $453 -1 -1 $-1 $175 $454 #
vertex $455 -1 -1 $-1 $306 $456 #
straight-curve $-1 -1 -1 $-1 0.10000000000000001 0 -15 0 -1 0 1 I I #
coedge $-1 -1 -1 $-1 $283 $285 $176 $296 reversed $169 $-1 #
edge $457 -1 -1 $-1 $300 -1 $304 1 $295 $458 forward @7 unknown T 0 -1 15 0 1 15 #
coedge $-1 -1 -1 $-1 $289 $177 $182 $307 forward $281 $-1 #
coedge $-1 -1 -1 $-1 $177 $289 $283 $442 reversed $281 $-1 #
integer_attrib-name_attrib-gen-attrib $-1 -1 $459 $-1 $178 2 4 2 1 1 1 1 1 1 1 1 1 1 1 0 1 1 1 @12 __EntityID__ 11 #
vertex $460 -1 -1 $-1 $178 $461 #
straight-curve $-1 -1 -1 $-1 0.050000000000000003 1 15 -1 0 0 1 I I #
coedge $-1 -1 -1 $-1 $179 $284 $181 $306 reversed $112 $-1 #
integer_attrib-name_attrib-gen-attrib $-1 -1 $462 $-1 $180 2 4 2 1 1 1 1 1 1 1 1 1 1 1 0 1 1 1 @12 __EntityID__ 13 #
vertex $463 -1 -1 $-1 $296 $464 #
straight-curve $-1 -1 -1 $-1 0.050000000000000003 -1 15 1 0 0 1 I I #
edge $465 -1 -1 $-1 $185 -15 $293 15 $181 $466 forward @7 unknown T 0.10000000000000001 -1 -15 0.10000000000000001 -1 15 #
edge $467 -1 -1 $-1 $186 -15 $292 15 $182 $468 forward @7 unknown T 0.10000000000000001 1 -15 0.10000000000000001 1 15 #
plane-surface $-1 -1 -1 $-1 0.10000000000000001 0 0 -1 0 0 0 0 1 forward_v I I I I #
name_attrib-gen-attrib $-1 -1 $469 $184 $118 0 0 0 0 1 1 1 1 1 1 1 0 1 0 0 1 0 1 @4 bbox #
integer_attrib-name_attrib-gen-attrib $-1 -1 $470 $-1 $185 2 4 2 1 1 1 1 1 1 1 1 1 1 1 0 1 1 1 @12 __EntityID__ 2 #
point $-1 -1 -1 $-1 0.10000000000000001 -1 15 #
integer_attrib-name_attrib-gen-attrib $-1 -1 $471 $-1 $186 2 4 2 1 1 1 1 1 1 1 1 1 1 1 0 1 1 1 @12 __EntityID__ 3 #
point $-1 -1 -1 $-1 0.10000000000000001 1 15 #
real_attrib-name_attrib-gen-attrib $-1 -1 $472 $188 $2 0 0 0 0 1 1 1 1 1 1 1 0 1 0 0 1 0 1 @8 bboxzmax -14.982500000000002 #
integer_attrib-name_attrib-gen-attrib $-1 -1 $-1 $189 $42 2 1 1 1 1 1 1 1 1 1 1 1 1 1 0 1 1 1 @3 pid 1 #
integer_attrib-name_attrib-gen-attrib $-1 -1 $473 $190 $59 2 0 0 1 1 1 1 1 1 1 1 1 1 1 0 1 1 1 @3 fif 0 #
cstbboxcache-cst-attrib $-1 -1 $474 $191 $85 0 0 0 0 0 0 0 0 0 0 0 1 0 1 0 1 1 1 0.13500000000000001 0.17000000000000004 -0.098000000000000004 -0.098000000000000004 -15 -14.982500000000002 #
name_attrib-gen-attrib $-1 -1 $475 $192 $123 0 0 0 0 1 1 1 1 1 1 1 0 1 0 0 1 0 1 @4 bbox #
integer_attrib-name_attrib-gen-attrib $-1 -1 $476 $-1 $193 2 4 2 1 1 1 1 1 1 1 1 1 1 1 0 1 1 1 @12 __EntityID__ 53 #
face $477 -1 -1 $-1 $-1 $208 $30 $-1 $478 reversed single T 0.17000000000000004 -0.098000000000000004 -15 0.17000000000000004 0.098000000000000004 -14.982500000000002 F #
loop $-1 -1 -1 $-1 $-1 $337 $193 T 0.13500000000000001 0.098000000000000004 -15 0.17000000000000004 0.098000000000000004 -14.982500000000002 unknown #
plane-surface $-1 -1 -1 $-1 0.15250000000000002 0.098000000000000004 -14.991250000000001 0 -1 0 0 0 -1 forward_v I I I I #
coedge $-1 -1 -1 $-1 $479 $335 $338 $480 forward $194 $-1 #
coedge $-1 -1 -1 $-1 $342 $196 $197 $328 reversed $124 $-1 #
coedge $-1 -1 -1 $-1 $335 $479 $196 $326 reversed $194 $-1 #
edge $481 -1 -1 $-1 $344 -0.0087499999999991473 $482 0.0087499999999991473 $325 $483 forward @7 unknown T 0.13500000000000001 -0.098000000000000004 -15 0.13500000000000001 -0.098000000000000004 -14.982500000000002 #
coedge $-1 -1 -1 $-1 $198 $197 $479 $484 forward $86 $-1 #
edge $485 -1 -1 $-1 $333 -0.017500000000000016 $482 0.017500000000000016 $324 $486 forward @7 unknown T 0.13500000000000001 -0.098000000000000004 -15 0.17000000000000004 -0.098000000000000004 -15 #
coedge $-1 -1 -1 $-1 $338 $337 $198 $330 reversed $321 $-1 #
edge $487 -1 -1 $-1 $488 -0.017500000000000016 $332 0.017500000000000016 $329 $489 forward @7 unknown T 0.13500000000000001 0.098000000000000004 -15 0.17000000000000004 0.098000000000000004 -15 #
integer_attrib-name_attrib-gen-attrib $-1 -1 $490 $-1 $200 2 4 2 1 1 1 1 1 1 1 1 1 1 1 0 1 1 1 @12 __EntityID__ 41 #
vertex $491 -1 -1 $-1 $200 $492 #
vertex $493 -1 -1 $-1 $346 $494 #
straight-curve $-1 -1 -1 $-1 0.17000000000000004 0 -15 0 -1 0 1 I I #
coedge $-1 -1 -1 $-1 $323 $325 $201 $336 reversed $194 $-1 #
edge $495 -1 -1 $-1 $340 -0.098000000000000004 $344 0.098000000000000004 $335 $496 forward @7 unknown T 0.13500000000000001 -0.098000000000000004 -14.982500000000002 0.13500000000000001 0.098000000000000004 -14.982500000000002 #
coedge $-1 -1 -1 $-1 $329 $202 $207 $347 forward $321 $-1 #
coedge $-1 -1 -1 $-1 $202 $329 $323 $480 reversed $321 $-1 #
integer_attrib-name_attrib-gen-attrib $-1 -1 $497 $-1 $203 2 4 2 1 1 1 1 1 1 1 1 1 1 1 0 1 1 1 @12 __EntityID__ 38 #
vertex $498 -1 -1 $-1 $203 $499 #
straight-curve $-1 -1 -1 $-1 0.15250000000000002 0.098000000000000004 -14.982500000000002 -1 0 0 1 I I #
coedge $-1 -1 -1 $-1 $204 $324 $206 $346 reversed $124 $-1 #
integer_attrib-name_attrib-gen-attrib $-1 -1 $500 $-1 $205 2 4 2 1 1 1 1 1 1 1 1 1 1 1 0 1 1 1 @12 __EntityID__ 40 #
vertex $501 -1 -1 $-1 $336 $502 #
straight-curve $-1 -1 -1 $-1 0.15250000000000002 -0.098000000000000004 -14.982500000000002 1 0 0 1 I I #
edge $503 -1 -1 $-1 $210 -0.0087499999999991473 $333 0.0087499999999991473 $206 $504 forward @7 unknown T 0.17000000000000004 -0.098000000000000004 -15 0.17000000000000004 -0.098000000000000004 -14.982500000000002 #
edge $505 -1 -1 $-1 $211 -0.0087499999999991473 $332 0.0087499999999991473 $207 $506 forward @7 unknown T 0.17000000000000004 0.098000000000000004 -15 0.17000000000000004 0.098000000000000004 -14.982500000000002 #
name_attrib-gen-attrib $-1 -1 $507 $209 $130 0 0 0 0 1 1 1 1 1 1 1 0 1 0 0 1 0 1 @4 bbox #
integer_attrib-name_attrib-gen-attrib $-1 -1 $508 $-1 $210 2 4 2 1 1 1 1 1 1 1 1 1 1 1 0 1 1 1 @12 __EntityID__ 29 #
point $-1 -1 -1 $-1 0.17000000000000004 -0.098000000000000004 -14.982500000000002 #
integer_attrib-name_attrib-gen-attrib $-1 -1 $509 $-1 $211 2 4 2 1 1 1 1 1 1 1 1 1 1 1 0 1 1 1 @12 __EntityID__ 30 #
point $-1 -1 -1 $-1 0.17000000000000004 0.098000000000000004 -14.982500000000002 #
real_attrib-name_attrib-gen-attrib $-1 -1 $510 $213 $3 0 0 0 0 1 1 1 1 1 1 1 0 1 0 0 1 0 1 @8 bboxzmax 15 #
integer_attrib-name_attrib-gen-attrib $-1 -1 $-1 $214 $44 2 1 1 1 1 1 1 1 1 1 1 1 1 1 0 1 1 1 @3 pid 1 #
integer_attrib-name_attrib-gen-attrib $-1 -1 $511 $215 $64 2 0 0 1 1 1 1 1 1 1 1 1 1 1 0 1 1 1 @3 fif 0 #
cstbboxcache-cst-attrib $-1 -1 $512 $216 $92 0 0 0 0 0 0 0 0 0 0 0 1 0 1 0 1 1 1 0.10000000000000001 0.13500000000000001 -1 1 -15 -15 #
name_attrib-gen-attrib $-1 -1 $513 $217 $135 0 0 0 0 1 1 1 1 1 1 1 0 1 0 0 1 0 1 @4 bbox #
integer_attrib-name_attrib-gen-attrib $-1 -1 $514 $-1 $218 2 4 2 1 1 1 1 1 1 1 1 1 1 1 0 1 1 1 @12 __EntityID__ 80 #
face $515 -1 -1 $-1 $-1 $516 $32 $-1 $517 forward single T 0.10000000000000001 -1 -15 0.10000000000000001 1 15 F #
plane-surface $-1 -1 -1 $-1 0.13500000000000001 0 0 -1 0 0 0 0 1 forward_v I I I I #
coedge $-1 -1 -1 $-1 $228 $518 $230 $380 forward $219 $-1 #
coedge $-1 -1 -1 $-1 $519 $221 $518 $520 reversed $136 $-1 #
coedge $-1 -1 -1 $-1 $221 $519 $222 $367 forward $136 $-1 #
coedge $-1 -1 -1 $-1 $224 $230 $221 $365 reversed $231 $-1 #
edge $521 -1 -1 $-1 $369 -1 $522 1 $221 $523 forward @7 unknown T 0.13500000000000001 -1 -15 0.13500000000000001 1 -15 #
coedge $-1 -1 -1 $-1 $223 $222 $524 $525 reversed $93 $-1 #
edge $526 -1 -1 $-1 $527 0 $369 0.035000000000000003 $363 $528 forward @7 unknown T 0.10000000000000001 1 -15 0.13500000000000001 1 -15 #
integer_attrib-name_attrib-gen-attrib $-1 -1 $529 $-1 $225 2 4 2 1 1 1 1 1 1 1 1 1 1 1 0 1 1 1 @12 __EntityID__ 68 #
vertex $530 -1 -1 $-1 $367 $531 #
straight-curve $-1 -1 -1 $-1 0.13500000000000001 1 0 0 0 -1 1 I I #
coedge $-1 -1 -1 $-1 $524 $532 $226 $372 forward $516 $-1 #
edge $533 -1 -1 $-1 $378 -1 $374 1 $226 $534 forward @7 unknown T 0.10000000000000001 -1 15 0.10000000000000001 1 15 #
integer_attrib-name_attrib-gen-attrib $-1 -1 $535 $-1 $227 2 4 2 1 1 1 1 1 1 1 1 1 1 1 0 1 1 1 @12 __EntityID__ 65 #
vertex $536 -1 -1 $-1 $372 $537 #
straight-curve $-1 -1 -1 $-1 0.10000000000000001 1 15 1 0 0 1 I I #
coedge $-1 -1 -1 $-1 $518 $228 $532 $538 forward $219 $-1 #
integer_attrib-name_attrib-gen-attrib $-1 -1 $539 $-1 $229 2 4 2 1 1 1 1 1 1 1 1 1 1 1 0 1 1 1 @12 __EntityID__ 67 #
vertex $540 -1 -1 $-1 $372 $541 #
straight-curve $-1 -1 -1 $-1 0.10000000000000001 -1 15 1 0 0 1 I I #
edge $542 -1 -1 $-1 $522 -15 $233 15 $361 $543 forward @7 unknown T 0.13500000000000001 -1 -15 0.13500000000000001 -1 15 #
name_attrib-gen-attrib $-1 -1 $544 $232 $142 0 0 0 0 1 1 1 1 1 1 1 0 1 0 0 1 0 1 @4 bbox #
integer_attrib-name_attrib-gen-attrib $-1 -1 $545 $-1 $233 2 4 2 1 1 1 1 1 1 1 1 1 1 1 0 1 1 1 @12 __EntityID__ 56 #
point $-1 -1 -1 $-1 0.13500000000000001 -1 15 #
integer_attrib-name_attrib-gen-attrib $-1 -1 $546 $-1 $234 2 4 2 1 1 1 1 1 1 1 1 1 1 1 0 1 1 1 @12 __EntityID__ 57 #
point $-1 -1 -1 $-1 0.13500000000000001 1 15 #
real_attrib-name_attrib-gen-attrib $-1 -1 $547 $236 $4 0 0 0 0 1 1 1 1 1 1 1 0 1 0 0 1 0 1 @8 bboxzmax 15 #
integer_attrib-name_attrib-gen-attrib $-1 -1 $-1 $237 $46 2 1 1 1 1 1 1 1 1 1 1 1 1 1 0 1 1 1 @3 pid 1 #
integer_attrib-name_attrib-gen-attrib $-1 -1 $548 $238 $69 2 0 0 1 1 1 1 1 1 1 1 1 1 1 0 1 1 1 @3 fif 0 #
cstbboxcache-cst-attrib $-1 -1 $549 $239 $99 0 0 0 0 0 0 0 0 0 0 0 1 0 1 0 1 1 1 -0.035000000000000003 0 -0.098000000000000004 -0.098000000000000004 -15 15 #
name_attrib-gen-attrib $-1 -1 $550 $240 $147 0 0 0 0 1 1 1 1 1 1 1 0 1 0 0 1 0 1 @4 bbox #
integer_attrib-name_attrib-gen-attrib $-1 -1 $551 $-1 $241 2 4 2 1 1 1 1 1 1 1 1 1 1 1 0 1 1 1 @12 __EntityID__ 107 #
face $552 -1 -1 $-1 $-1 $256 $34 $-1 $553 reversed single T 0 -0.098000000000000004 -15 0 0.098000000000000004 15 F #
loop $-1 -1 -1 $-1 $-1 $409 $241 T -0.035000000000000003 0.098000000000000004 -15 0 0.098000000000000004 15 unknown #
plane-surface $-1 -1 -1 $-1 -0.017500000000000002 0.098000000000000004 0 0 -1 0 0 0 -1 forward_v I I I I #
coedge $-1 -1 -1 $-1 $554 $407 $410 $555 forward $242 $-1 #
coedge $-1 -1 -1 $-1 $414 $244 $245 $400 reversed $148 $-1 #
coedge $-1 -1 -1 $-1 $407 $554 $244 $398 reversed $242 $-1 #
edge $556 -1 -1 $-1 $416 -15 $557 15 $397 $558 forward @7 unknown T -0.035000000000000003 -0.098000000000000004 -15 -0.035000000000000003 -0.098000000000000004 15 #
coedge $-1 -1 -1 $-1 $246 $245 $554 $559 forward $100 $-1 #
edge $560 -1 -1 $-1 $405 -0.017500000000000002 $557 0.017500000000000002 $396 $561 forward @7 unknown T -0.035000000000000003 -0.098000000000000004 -15 0 -0.098000000000000004 -15 #
coedge $-1 -1 -1 $-1 $410 $409 $246 $402 reversed $393 $-1 #
edge $562 -1 -1 $-1 $563 -0.017500000000000002 $404 0.017500000000000002 $401 $564 forward @7 unknown T -0.035000000000000003 0.098000000000000004 -15 0 0.098000000000000004 -15 #
integer_attrib-name_attrib-gen-attrib $-1 -1 $565 $-1 $248 2 4 2 1 1 1 1 1 1 1 1 1 1 1 0 1 1 1 @12 __EntityID__ 95 #
vertex $566 -1 -1 $-1 $248 $567 #
vertex $568 -1 -1 $-1 $418 $569 #
straight-curve $-1 -1 -1 $-1 0 0 -15 0 -1 0 1 I I #
coedge $-1 -1 -1 $-1 $395 $397 $249 $408 reversed $242 $-1 #
edge $570 -1 -1 $-1 $412 -0.098000000000000004 $416 0.098000000000000004 $407 $571 forward @7 unknown T -0.035000000000000003 -0.098000000000000004 15 -0.035000000000000003 0.098000000000000004 15 #
coedge $-1 -1 -1 $-1 $401 $250 $255 $419 forward $393 $-1 #
coedge $-1 -1 -1 $-1 $250 $401 $395 $555 reversed $393 $-1 #
integer_attrib-name_attrib-gen-attrib $-1 -1 $572 $-1 $251 2 4 2 1 1 1 1 1 1 1 1 1 1 1 0 1 1 1 @12 __EntityID__ 92 #
vertex $573 -1 -1 $-1 $251 $574 #
straight-curve $-1 -1 -1 $-1 -0.017500000000000002 0.098000000000000004 15 -1 0 0 1 I I #
coedge $-1 -1 -1 $-1 $252 $396 $254 $418 reversed $148 $-1 #
integer_attrib-name_attrib-gen-attrib $-1 -1 $575 $-1 $253 2 4 2 1 1 1 1 1 1 1 1 1 1 1 0 1 1 1 @12 __EntityID__ 94 #
vertex $576 -1 -1 $-1 $408 $577 #
straight-curve $-1 -1 -1 $-1 -0.017500000000000002 -0.098000000000000004 15 1 0 0 1 I I #
edge $578 -1 -1 $-1 $258 -15 $405 15 $254 $579 forward @7 unknown T 0 -0.098000000000000004 -15 0 -0.098000000000000004 15 #
edge $580 -1 -1 $-1 $259 -15 $404 15 $255 $581 forward @7 unknown T 0 0.098000000000000004 -15 0 0.098000000000000004 15 #
name_attrib-gen-attrib $-1 -1 $582 $257 $154 0 0 0 0 1 1 1 1 1 1 1 0 1 0 0 1 0 1 @4 bbox #
integer_attrib-name_attrib-gen-attrib $-1 -1 $583 $-1 $258 2 4 2 1 1 1 1 1 1 1 1 1 1 1 0 1 1 1 @12 __EntityID__ 83 #
point $-1 -1 -1 $-1 0 -0.098000000000000004 15 #
integer_attrib-name_attrib-gen-attrib $-1 -1 $584 $-1 $259 2 4 2 1 1 1 1 1 1 1 1 1 1 1 0 1 1 1 @12 __EntityID__ 84 #
point $-1 -1 -1 $-1 0 0.098000000000000004 15 #
integer_attrib-name_attrib-gen-attrib $-1 -1 $-1 $261 $0 2 1 1 1 1 1 1 1 1 1 1 1 1 1 0 1 1 1 @3 nof 1 #
name_attrib-gen-attrib $-1 -1 $585 $-1 $262 2 1 1 1 1 1 1 1 1 1 1 1 1 1 0 1 1 1 @3 eif #
straight-curve $-1 -1 -1 $-1 0.10000000000000001 -0.098000000000000004 15 0 1 0 1 I I #
integer_attrib-name_attrib-gen-attrib $-1 -1 $-1 $263 $157 2 1 1 1 1 1 1 1 1 1 1 1 1 1 0 1 1 1 @3 pid 2 #
integer_attrib-name_attrib-gen-attrib $-1 -1 $-1 $-1 $264 2 1 1 1 1 1 1 1 1 1 1 1 1 1 0 1 1 1 @3 pid 3 #
point $-1 -1 -1 $-1 0.10000000000000001 0.098000000000000004 15 #
integer_attrib-name_attrib-gen-attrib $-1 -1 $-1 $266 $158 2 1 1 1 1 1 1 1 1 1 1 1 1 1 0 1 1 1 @3 pid 4 #
integer_attrib-name_attrib-gen-attrib $-1 -1 $-1 $-1 $267 2 1 1 1 1 1 1 1 1 1 1 1 1 1 0 1 1 1 @3 pid 4 #
point $-1 -1 -1 $-1 0.10000000000000001 -0.098000000000000004 15 #
integer_attrib-name_attrib-gen-attrib $-1 -1 $-1 $269 $106 2 4 2 2 1 1 1 1 1 1 1 1 1 1 0 1 1 1 @17 iFaceportTerminal 0 #
real_attrib-name_attrib-gen-attrib $-1 -1 $586 $274 $1 0 0 0 0 1 1 1 1 1 1 1 0 1 0 0 1 0 1 @8 bboxzmin -15 #
integer_attrib-name_attrib-gen-attrib $-1 -1 $-1 $276 $54 2 1 1 1 1 1 1 1 1 1 1 1 1 1 0 1 1 1 @3 pid 2 #
integer_attrib-name_attrib-gen-attrib $-1 -1 $587 $277 $78 2 0 0 1 1 1 1 1 1 1 1 1 1 1 0 1 1 1 @3 fif 0 #
cstbboxcache-cst-attrib $-1 -1 $588 $278 $111 0 0 0 0 0 0 0 0 0 0 0 1 0 1 0 1 1 1 0 0 -1 1 -15 15 #
name_attrib-gen-attrib $-1 -1 $589 $279 $168 0 0 0 0 1 1 1 1 1 1 1 0 1 0 0 1 0 1 @4 bbox #
integer_attrib-name_attrib-gen-attrib $-1 -1 $590 $-1 $280 2 4 2 1 1 1 1 1 1 1 1 1 1 1 0 1 1 1 @12 __EntityID__ 27 #
coedge $-1 -1 -1 $-1 $285 $283 $287 $446 reversed $169 $-1 #
edge $591 -1 -1 $-1 $300 -15 $450 15 $298 $592 forward @7 unknown T 0 1 -15 0 1 15 #
integer_attrib-name_attrib-gen-attrib $-1 -1 $593 $-1 $286 2 4 2 1 1 1 1 1 1 1 1 1 1 1 0 1 1 1 @12 __EntityID__ 18 #
vertex $594 -1 -1 $-1 $446 $595 #
straight-curve $-1 -1 -1 $-1 0 -1 0 0 0 -1 1 I I #
edge $596 -1 -1 $-1 $444 -1 $450 1 $441 $597 forward @7 unknown T 0 -1 -15 0 1 -15 #
integer_attrib-name_attrib-gen-attrib $-1 -1 $598 $-1 $288 2 4 2 1 1 1 1 1 1 1 1 1 1 1 0 1 1 1 @12 __EntityID__ 15 #
straight-curve $-1 -1 -1 $-1 0.050000000000000003 -1 -15 -1 0 0 1 I I #
integer_attrib-name_attrib-gen-attrib $-1 -1 $599 $-1 $290 2 4 2 1 1 1 1 1 1 1 1 1 1 1 0 1 1 1 @12 __EntityID__ 17 #
vertex $600 -1 -1 $-1 $290 $601 #
straight-curve $-1 -1 -1 $-1 0.050000000000000003 1 -15 1 0 0 1 I I #
name_attrib-gen-attrib $-1 -1 $602 $291 $175 0 0 0 0 1 1 1 1 1 1 1 0 1 0 0 1 0 1 @4 bbox #
integer_attrib-name_attrib-gen-attrib $-1 -1 $603 $-1 $292 2 4 2 1 1 1 1 1 1 1 1 1 1 1 0 1 1 1 @12 __EntityID__ 6 #
point $-1 -1 -1 $-1 0.10000000000000001 1 -15 #
integer_attrib-name_attrib-gen-attrib $-1 -1 $604 $-1 $293 2 4 2 1 1 1 1 1 1 1 1 1 1 1 0 1 1 1 @12 __EntityID__ 7 #
point $-1 -1 -1 $-1 0.10000000000000001 -1 -15 #
integer_attrib-name_attrib-gen-attrib $-1 -1 $605 $-1 $296 2 4 2 1 1 1 1 1 1 1 1 1 1 1 0 1 1 1 @12 __EntityID__ 12 #
straight-curve $-1 -1 -1 $-1 0 0 15 0 -1 0 1 I I #
name_attrib-gen-attrib $-1 -1 $606 $299 $178 0 0 0 0 1 1 1 1 1 1 1 0 1 0 0 1 0 1 @4 bbox #
integer_attrib-name_attrib-gen-attrib $-1 -1 $607 $-1 $300 2 4 2 1 1 1 1 1 1 1 1 1 1 1 0 1 1 1 @12 __EntityID__ 4 #
point $-1 -1 -1 $-1 0 1 15 #
name_attrib-gen-attrib $-1 -1 $608 $303 $180 0 0 0 0 1 1 1 1 1 1 1 0 1 0 0 1 0 1 @4 bbox #
integer_attrib-name_attrib-gen-attrib $-1 -1 $609 $-1 $304 2 4 2 1 1 1 1 1 1 1 1 1 1 1 0 1 1 1 @12 __EntityID__ 5 #
point $-1 -1 -1 $-1 0 -1 15 #
integer_attrib-name_attrib-gen-attrib $-1 -1 $610 $-1 $306 2 4 2 1 1 1 1 1 1 1 1 1 1 1 0 1 1 1 @12 __EntityID__ 19 #
straight-curve $-1 -1 -1 $-1 0.10000000000000001 -1 0 0 0 -1 1 I I #
integer_attrib-name_attrib-gen-attrib $-1 -1 $611 $-1 $307 2 4 2 1 1 1 1 1 1 1 1 1 1 1 0 1 1 1 @12 __EntityID__ 21 #
straight-curve $-1 -1 -1 $-1 0.10000000000000001 1 0 0 0 -1 1 I I #
cstbboxcache-cst-attrib $-1 -1 $612 $309 $118 0 0 0 0 0 0 0 0 0 0 0 1 0 1 0 1 1 1 0.10000000000000001 0.10000000000000001 -1 1 15 15 #
name_attrib-gen-attrib $-1 -1 $613 $310 $185 0 0 0 0 1 1 1 1 1 1 1 0 1 0 0 1 0 1 @4 bbox #
name_attrib-gen-attrib $-1 -1 $614 $312 $186 0 0 0 0 1 1 1 1 1 1 1 0 1 0 0 1 0 1 @4 bbox #
real_attrib-name_attrib-gen-attrib $-1 -1 $615 $314 $2 0 0 0 0 1 1 1 1 1 1 1 0 1 0 0 1 0 1 @8 bboxzmin -15 #
integer_attrib-name_attrib-gen-attrib $-1 -1 $-1 $316 $59 2 1 1 1 1 1 1 1 1 1 1 1 1 1 0 1 1 1 @3 pid 2 #
integer_attrib-name_attrib-gen-attrib $-1 -1 $616 $317 $85 2 0 0 1 1 1 1 1 1 1 1 1 1 1 0 1 1 1 @3 fif 0 #
cstbboxcache-cst-attrib $-1 -1 $617 $318 $123 0 0 0 0 0 0 0 0 0 0 0 1 0 1 0 1 1 1 0.13500000000000001 0.13500000000000001 -0.098000000000000004 0.098000000000000004 -15 -14.982500000000002 #
name_attrib-gen-attrib $-1 -1 $618 $319 $193 0 0 0 0 1 1 1 1 1 1 1 0 1 0 0 1 0 1 @4 bbox #
integer_attrib-name_attrib-gen-attrib $-1 -1 $619 $-1 $320 2 4 2 1 1 1 1 1 1 1 1 1 1 1 0 1 1 1 @12 __EntityID__ 54 #
plane-surface $-1 -1 -1 $-1 0.17000000000000004 0 -14.991250000000001 -1 0 0 0 0 1 forward_v I I I I #
coedge $-1 -1 -1 $-1 $325 $323 $327 $484 reversed $194 $-1 #
edge $620 -1 -1 $-1 $340 -0.0087499999999991473 $488 0.0087499999999991473 $338 $621 forward @7 unknown T 0.13500000000000001 0.098000000000000004 -15 0.13500000000000001 0.098000000000000004 -14.982500000000002 #
integer_attrib-name_attrib-gen-attrib $-1 -1 $622 $-1 $326 2 4 2 1 1 1 1 1 1 1 1 1 1 1 0 1 1 1 @12 __EntityID__ 45 #
vertex $623 -1 -1 $-1 $484 $624 #
straight-curve $-1 -1 -1 $-1 0.13500000000000001 -0.098000000000000004 -14.991250000000001 0 0 -1 1 I I #
edge $625 -1 -1 $-1 $482 -0.098000000000000004 $488 0.098000000000000004 $479 $626 forward @7 unknown T 0.13500000000000001 -0.098000000000000004 -15 0.13500000000000001 0.098000000000000004 -15 #
integer_attrib-name_attrib-gen-attrib $-1 -1 $627 $-1 $328 2 4 2 1 1 1 1 1 1 1 1 1 1 1 0 1 1 1 @12 __EntityID__ 42 #
straight-curve $-1 -1 -1 $-1 0.15250000000000002 -0.098000000000000004 -15 -1 0 0 1 I I #
integer_attrib-name_attrib-gen-attrib $-1 -1 $628 $-1 $330 2 4 2 1 1 1 1 1 1 1 1 1 1 1 0 1 1 1 @12 __EntityID__ 44 #
vertex $629 -1 -1 $-1 $330 $630 #
straight-curve $-1 -1 -1 $-1 0.15250000000000002 0.098000000000000004 -15 1 0 0 1 I I #
name_attrib-gen-attrib $-1 -1 $631 $331 $200 0 0 0 0 1 1 1 1 1 1 1 0 1 0 0 1 0 1 @4 bbox #
integer_attrib-name_attrib-gen-attrib $-1 -1 $632 $-1 $332 2 4 2 1 1 1 1 1 1 1 1 1 1 1 0 1 1 1 @12 __EntityID__ 33 #
point $-1 -1 -1 $-1 0.17000000000000004 0.098000000000000004 -15 #
integer_attrib-name_attrib-gen-attrib $-1 -1 $633 $-1 $333 2 4 2 1 1 1 1 1 1 1 1 1 1 1 0 1 1 1 @12 __EntityID__ 34 #
point $-1 -1 -1 $-1 0.17000000000000004 -0.098000000000000004 -15 #
integer_attrib-name_attrib-gen-attrib $-1 -1 $634 $-1 $336 2 4 2 1 1 1 1 1 1 1 1 1 1 1 0 1 1 1 @12 __EntityID__ 39 #
straight-curve $-1 -1 -1 $-1 0.13500000000000001 0 -14.982500000000002 0 -1 0 1 I I #
name_attrib-gen-attrib $-1 -1 $635 $339 $203 0 0 0 0 1 1 1 1 1 1 1 0 1 0 0 1 0 1 @4 bbox #
integer_attrib-name_attrib-gen-attrib $-1 -1 $636 $-1 $340 2 4 2 1 1 1 1 1 1 1 1 1 1 1 0 1 1 1 @12 __EntityID__ 31 #
point $-1 -1 -1 $-1 0.13500000000000001 0.098000000000000004 -14.982500000000002 #
name_attrib-gen-attrib $-1 -1 $637 $343 $205 0 0 0 0 1 1 1 1 1 1 1 0 1 0 0 1 0 1 @4 bbox #
integer_attrib-name_attrib-gen-attrib $-1 -1 $638 $-1 $344 2 4 2 1 1 1 1 1 1 1 1 1 1 1 0 1 1 1 @12 __EntityID__ 32 #
point $-1 -1 -1 $-1 0.13500000000000001 -0.098000000000000004 -14.982500000000002 #
integer_attrib-name_attrib-gen-attrib $-1 -1 $639 $-1 $346 2 4 2 1 1 1 1 1 1 1 1 1 1 1 0 1 1 1 @12 __EntityID__ 46 #
straight-curve $-1 -1 -1 $-1 0.17000000000000004 -0.098000000000000004 -14.991250000000001 0 0 -1 1 I I #
integer_attrib-name_attrib-gen-attrib $-1 -1 $640 $-1 $347 2 4 2 1 1 1 1 1 1 1 1 1 1 1 0 1 1 1 @12 __EntityID__ 48 #
straight-curve $-1 -1 -1 $-1 0.17000000000000004 0.098000000000000004 -14.991250000000001 0 0 -1 1 I I #
cstbboxcache-cst-attrib $-1 -1 $641 $348 $130 0 0 0 0 0 0 0 0 0 0 0 1 0 1 0 1 1 1 0.17000000000000004 0.17000000000000004 -0.098000000000000004 0.098000000000000004 -14.982500000000002 -14.982500000000002 #
name_attrib-gen-attrib $-1 -1 $642 $349 $210 0 0 0 0 1 1 1 1 1 1 1 0 1 0 0 1 0 1 @4 bbox #
name_attrib-gen-attrib $-1 -1 $643 $351 $211 0 0 0 0 1 1 1 1 1 1 1 0 1 0 0 1 0 1 @4 bbox #
real_attrib-name_attrib-gen-attrib $-1 -1 $644 $353 $3 0 0 0 0 1 1 1 1 1 1 1 0 1 0 0 1 0 1 @8 bboxzmin -15 #
integer_attrib-name_attrib-gen-attrib $-1 -1 $-1 $355 $64 2 1 1 1 1 1 1 1 1 1 1 1 1 1 0 1 1 1 @3 pid 2 #
integer_attrib-name_attrib-gen-attrib $-1 -1 $645 $356 $92 2 0 0 1 1 1 1 1 1 1 1 1 1 1 0 1 1 1 @3 fif 0 #
cstbboxcache-cst-attrib $-1 -1 $646 $357 $135 0 0 0 0 0 0 0 0 0 0 0 1 0 1 0 1 1 1 0.10000000000000001 0.13500000000000001 -1 -1 -15 15 #
name_attrib-gen-attrib $-1 -1 $647 $358 $218 0 0 0 0 1 1 1 1 1 1 1 0 1 0 0 1 0 1 @4 bbox #
integer_attrib-name_attrib-gen-attrib $-1 -1 $648 $-1 $359 2 4 2 1 1 1 1 1 1 1 1 1 1 1 0 1 1 1 @12 __EntityID__ 81 #
loop $-1 -1 -1 $-1 $-1 $532 $359 T 0.10000000000000001 -1 -15 0.10000000000000001 1 15 unknown #
plane-surface $-1 -1 -1 $-1 0.10000000000000001 0 0 -1 0 0 0 0 1 forward_v I I I I #
coedge $-1 -1 -1 $-1 $361 $376 $362 $520 forward $219 $-1 #
coedge $-1 -1 -1 $-1 $363 $362 $649 $650 reversed $136 $-1 #
edge $651 -1 -1 $-1 $652 0 $522 0.035000000000000003 $518 $653 forward @7 unknown T 0.10000000000000001 -1 -15 0.13500000000000001 -1 -15 #
integer_attrib-name_attrib-gen-attrib $-1 -1 $654 $-1 $365 2 4 2 1 1 1 1 1 1 1 1 1 1 1 0 1 1 1 @12 __EntityID__ 71 #
vertex $655 -1 -1 $-1 $520 $656 #
straight-curve $-1 -1 -1 $-1 0.13500000000000001 0 -15 0 -1 0 1 I I #
coedge $-1 -1 -1 $-1 $649 $371 $366 $525 forward $516 $-1 #
edge $657 -1 -1 $-1 $374 -15 $527 15 $366 $658 forward @7 unknown T 0.10000000000000001 1 -15 0.10000000000000001 1 15 #
integer_attrib-name_attrib-gen-attrib $-1 -1 $659 $-1 $367 2 4 2 1 1 1 1 1 1 1 1 1 1 1 0 1 1 1 @12 __EntityID__ 69 #
vertex $660 -1 -1 $-1 $650 $661 #
straight-curve $-1 -1 -1 $-1 0.10000000000000001 1 -15 1 0 0 1 I I #
name_attrib-gen-attrib $-1 -1 $662 $368 $225 0 0 0 0 1 1 1 1 1 1 1 0 1 0 0 1 0 1 @4 bbox #
integer_attrib-name_attrib-gen-attrib $-1 -1 $663 $-1 $369 2 4 2 1 1 1 1 1 1 1 1 1 1 1 0 1 1 1 @12 __EntityID__ 60 #
point $-1 -1 -1 $-1 0.13500000000000001 1 -15 #
coedge $-1 -1 -1 $-1 $371 $649 $376 $538 reversed $516 $-1 #
integer_attrib-name_attrib-gen-attrib $-1 -1 $664 $-1 $372 2 4 2 1 1 1 1 1 1 1 1 1 1 1 0 1 1 1 @12 __EntityID__ 66 #
straight-curve $-1 -1 -1 $-1 0.10000000000000001 0 15 0 1 0 1 I I #
name_attrib-gen-attrib $-1 -1 $665 $373 $227 0 0 0 0 1 1 1 1 1 1 1 0 1 0 0 1 0 1 @4 bbox #
integer_attrib-name_attrib-gen-attrib $-1 -1 $666 $-1 $374 2 4 2 1 1 1 1 1 1 1 1 1 1 1 0 1 1 1 @12 __EntityID__ 58 #
point $-1 -1 -1 $-1 0.10000000000000001 1 15 #
edge $667 -1 -1 $-1 $378 -15 $652 15 $376 $668 forward @7 unknown T 0.10000000000000001 -1 -15 0.10000000000000001 -1 15 #
name_attrib-gen-attrib $-1 -1 $669 $377 $229 0 0 0 0 1 1 1 1 1 1 1 0 1 0 0 1 0 1 @4 bbox #
integer_attrib-name_attrib-gen-attrib $-1 -1 $670 $-1 $378 2 4 2 1 1 1 1 1 1 1 1 1 1 1 0 1 1 1 @12 __EntityID__ 59 #
point $-1 -1 -1 $-1 0.10000000000000001 -1 15 #
integer_attrib-name_attrib-gen-attrib $-1 -1 $671 $-1 $380 2 4 2 1 1 1 1 1 1 1 1 1 1 1 0 1 1 1 @12 __EntityID__ 74 #
straight-curve $-1 -1 -1 $-1 0.13500000000000001 -1 0 0 0 1 1 I I #
cstbboxcache-cst-attrib $-1 -1 $672 $381 $142 0 0 0 0 0 0 0 0 0 0 0 1 0 1 0 1 1 1 0.13500000000000001 0.13500000000000001 -1 1 15 15 #
name_attrib-gen-attrib $-1 -1 $673 $382 $233 0 0 0 0 1 1 1 1 1 1 1 0 1 0 0 1 0 1 @4 bbox #
name_attrib-gen-attrib $-1 -1 $674 $384 $234 0 0 0 0 1 1 1 1 1 1 1 0 1 0 0 1 0 1 @4 bbox #
real_attrib-name_attrib-gen-attrib $-1 -1 $675 $386 $4 0 0 0 0 1 1 1 1 1 1 1 0 1 0 0 1 0 1 @8 bboxzmin -15 #
integer_attrib-name_attrib-gen-attrib $-1 -1 $-1 $388 $69 2 1 1 1 1 1 1 1 1 1 1 1 1 1 0 1 1 1 @3 pid 2 #
integer_attrib-name_attrib-gen-attrib $-1 -1 $676 $389 $99 2 0 0 1 1 1 1 1 1 1 1 1 1 1 0 1 1 1 @3 fif 0 #
cstbboxcache-cst-attrib $-1 -1 $677 $390 $147 0 0 0 0 0 0 0 0 0 0 0 1 0 1 0 1 1 1 -0.035000000000000003 -0.035000000000000003 -0.098000000000000004 0.098000000000000004 -15 15 #
name_attrib-gen-attrib $-1 -1 $678 $391 $241 0 0 0 0 1 1 1 1 1 1 1 0 1 0 0 1 0 1 @4 bbox #
integer_attrib-name_attrib-gen-attrib $-1 -1 $679 $-1 $392 2 4 2 1 1 1 1 1 1 1 1 1 1 1 0 1 1 1 @12 __EntityID__ 108 #
plane-surface $-1 -1 -1 $-1 0 0 0 -1 0 0 0 0 1 forward_v I I I I #
coedge $-1 -1 -1 $-1 $397 $395 $399 $559 reversed $242 $-1 #
edge $680 -1 -1 $-1 $412 -15 $563 15 $410 $681 forward @7 unknown T -0.035000000000000003 0.098000000000000004 -15 -0.035000000000000003 0.098000000000000004 15 #
integer_attrib-name_attrib-gen-attrib $-1 -1 $682 $-1 $398 2 4 2 1 1 1 1 1 1 1 1 1 1 1 0 1 1 1 @12 __EntityID__ 99 #
vertex $683 -1 -1 $-1 $559 $684 #
straight-curve $-1 -1 -1 $-1 -0.035000000000000003 -0.098000000000000004 0 0 0 -1 1 I I #
edge $685 -1 -1 $-1 $557 -0.098000000000000004 $563 0.098000000000000004 $554 $686 forward @7 unknown T -0.035000000000000003 -0.098000000000000004 -15 -0.035000000000000003 0.098000000000000004 -15 #
integer_attrib-name_attrib-gen-attrib $-1 -1 $687 $-1 $400 2 4 2 1 1 1 1 1 1 1 1 1 1 1 0 1 1 1 @12 __EntityID__ 96 #
straight-curve $-1 -1 -1 $-1 -0.017500000000000002 -0.098000000000000004 -15 -1 0 0 1 I I #
integer_attrib-name_attrib-gen-attrib $-1 -1 $688 $-1 $402 2 4 2 1 1 1 1 1 1 1 1 1 1 1 0 1 1 1 @12 __EntityID__ 98 #
vertex $689 -1 -1 $-1 $402 $690 #
straight-curve $-1 -1 -1 $-1 -0.017500000000000002 0.098000000000000004 -15 1 0 0 1 I I #
name_attrib-gen-attrib $-1 -1 $691 $403 $248 0 0 0 0 1 1 1 1 1 1 1 0 1 0 0 1 0 1 @4 bbox #
integer_attrib-name_attrib-gen-attrib $-1 -1 $692 $-1 $404 2 4 2 1 1 1 1 1 1 1 1 1 1 1 0 1 1 1 @12 __EntityID__ 87 #
point $-1 -1 -1 $-1 0 0.098000000000000004 -15 #
integer_attrib-name_attrib-gen-attrib $-1 -1 $693 $-1 $405 2 4 2 1 1 1 1 1 1 1 1 1 1 1 0 1 1 1 @12 __EntityID__ 88 #
point $-1 -1 -1 $-1 0 -0.098000000000000004 -15 #
integer_attrib-name_attrib-gen-attrib $-1 -1 $694 $-1 $408 2 4 2 1 1 1 1 1 1 1 1 1 1 1 0 1 1 1 @12 __EntityID__ 93 #
straight-curve $-1 -1 -1 $-1 -0.035000000000000003 0 15 0 -1 0 1 I I #
name_attrib-gen-attrib $-1 -1 $695 $411 $251 0 0 0 0 1 1 1 1 1 1 1 0 1 0 0 1 0 1 @4 bbox #
integer_attrib-name_attrib-gen-attrib $-1 -1 $696 $-1 $412 2 4 2 1 1 1 1 1 1 1 1 1 1 1 0 1 1 1 @12 __EntityID__ 85 #
point $-1 -1 -1 $-1 -0.035000000000000003 0.098000000000000004 15 #
name_attrib-gen-attrib $-1 -1 $697 $415 $253 0 0 0 0 1 1 1 1 1 1 1 0 1 0 0 1 0 1 @4 bbox #
integer_attrib-name_attrib-gen-attrib $-1 -1 $698 $-1 $416 2 4 2 1 1 1 1 1 1 1 1 1 1 1 0 1 1 1 @12 __EntityID__ 86 #
point $-1 -1 -1 $-1 -0.035000000000000003 -0.098000000000000004 15 #
integer_attrib-name_attrib-gen-attrib $-1 -1 $699 $-1 $418 2 4 2 1 1 1 1 1 1 1 1 1 1 1 0 1 1 1 @12 __EntityID__ 100 #
straight-curve $-1 -1 -1 $-1 0 -0.098000000000000004 0 0 0 -1 1 I I #
integer_attrib-name_attrib-gen-attrib $-1 -1 $700 $-1 $419 2 4 2 1 1 1 1 1 1 1 1 1 1 1 0 1 1 1 @12 __EntityID__ 102 #
straight-curve $-1 -1 -1 $-1 0 0.098000000000000004 0 0 0 -1 1 I I #
cstbboxcache-cst-attrib $-1 -1 $701 $420 $154 0 0 0 0 0 0 0 0 0 0 0 1 0 1 0 1 1 1 0 0 -0.098000000000000004 0.098000000000000004 15 15 #
name_attrib-gen-attrib $-1 -1 $702 $421 $258 0 0 0 0 1 1 1 1 1 1 1 0 1 0 0 1 0 1 @4 bbox #
name_attrib-gen-attrib $-1 -1 $703 $423 $259 0 0 0 0 1 1 1 1 1 1 1 0 1 0 0 1 0 1 @4 bbox #
integer_attrib-name_attrib-gen-attrib $-1 -1 $704 $426 $262 2 1 1 1 1 1 1 1 1 1 1 1 1 1 0 1 1 1 @3 pid 3 #
real_attrib-name_attrib-gen-attrib $-1 -1 $705 $435 $1 0 0 0 0 1 1 1 1 1 1 1 0 1 0 0 1 0 1 @8 bboxymax 1 #
integer_attrib-name_attrib-gen-attrib $-1 -1 $-1 $437 $78 2 1 1 1 1 1 1 1 1 1 1 1 1 1 0 1 1 1 @3 pid 3 #
integer_attrib-name_attrib-gen-attrib $-1 -1 $706 $438 $111 2 0 0 1 1 1 1 1 1 1 1 1 1 1 0 1 1 1 @3 fif 0 #
cstbboxcache-cst-attrib $-1 -1 $707 $439 $168 0 0 0 0 0 0 0 0 0 0 0 1 0 1 0 1 1 1 0 0.10000000000000001 1 1 -15 15 #
name_attrib-gen-attrib $-1 -1 $708 $440 $280 0 0 0 0 1 1 1 1 1 1 1 0 1 0 0 1 0 1 @4 bbox #
integer_attrib-name_attrib-gen-attrib $-1 -1 $709 $-1 $442 2 4 2 1 1 1 1 1 1 1 1 1 1 1 0 1 1 1 @12 __EntityID__ 20 #
straight-curve $-1 -1 -1 $-1 0 1 0 0 0 -1 1 I I #
name_attrib-gen-attrib $-1 -1 $710 $443 $286 0 0 0 0 1 1 1 1 1 1 1 0 1 0 0 1 0 1 @4 bbox #
integer_attrib-name_attrib-gen-attrib $-1 -1 $711 $-1 $444 2 4 2 1 1 1 1 1 1 1 1 1 1 1 0 1 1 1 @12 __EntityID__ 8 #
point $-1 -1 -1 $-1 0 -1 -15 #
integer_attrib-name_attrib-gen-attrib $-1 -1 $712 $-1 $446 2 4 2 1 1 1 1 1 1 1 1 1 1 1 0 1 1 1 @12 __EntityID__ 16 #
straight-curve $-1 -1 -1 $-1 0 0 -15 0 1 0 1 I I #
name_attrib-gen-attrib $-1 -1 $713 $447 $288 0 0 0 0 1 1 1 1 1 1 1 0 1 0 0 1 0 1 @4 bbox #
name_attrib-gen-attrib $-1 -1 $714 $449 $290 0 0 0 0 1 1 1 1 1 1 1 0 1 0 0 1 0 1 @4 bbox #
integer_attrib-name_attrib-gen-attrib $-1 -1 $715 $-1 $450 2 4 2 1 1 1 1 1 1 1 1 1 1 1 0 1 1 1 @12 __EntityID__ 9 #
point $-1 -1 -1 $-1 0 1 -15 #
cstbboxcache-cst-attrib $-1 -1 $716 $452 $175 0 0 0 0 0 0 0 0 0 0 0 1 0 1 0 1 1 1 0.10000000000000001 0.10000000000000001 -1 1 -15 -15 #
name_attrib-gen-attrib $-1 -1 $717 $453 $292 0 0 0 0 1 1 1 1 1 1 1 0 1 0 0 1 0 1 @4 bbox #
name_attrib-gen-attrib $-1 -1 $718 $455 $293 0 0 0 0 1 1 1 1 1 1 1 0 1 0 0 1 0 1 @4 bbox #
name_attrib-gen-attrib $-1 -1 $719 $457 $296 0 0 0 0 1 1 1 1 1 1 1 0 1 0 0 1 0 1 @4 bbox #
cstbboxcache-cst-attrib $-1 -1 $720 $459 $178 0 0 0 0 0 0 0 0 0 0 0 1 0 1 0 1 1 1 0 0.10000000000000001 1 1 15 15 #
name_attrib-gen-attrib $-1 -1 $721 $460 $300 0 0 0 0 1 1 1 1 1 1 1 0 1 0 0 1 0 1 @4 bbox #
cstbboxcache-cst-attrib $-1 -1 $722 $462 $180 0 0 0 0 0 0 0 0 0 0 0 1 0 1 0 1 1 1 0 0.10000000000000001 -1 -1 15 15 #
name_attrib-gen-attrib $-1 -1 $723 $463 $304 0 0 0 0 1 1 1 1 1 1 1 0 1 0 0 1 0 1 @4 bbox #
name_attrib-gen-attrib $-1 -1 $724 $465 $306 0 0 0 0 1 1 1 1 1 1 1 0 1 0 0 1 0 1 @4 bbox #
name_attrib-gen-attrib $-1 -1 $725 $467 $307 0 0 0 0 1 1 1 1 1 1 1 0 1 0 0 1 0 1 @4 bbox #
name_attrib-gen-attrib $-1 -1 $726 $469 $118 2 1 1 1 1 1 1 1 1 1 1 1 1 1 0 1 1 1 @3 eif #
cstbboxcache-cst-attrib $-1 -1 $727 $470 $185 0 0 0 0 0 0 0 0 0 0 0 1 0 1 0 1 1 1 0.10000000000000001 0.10000000000000001 -1 -1 15 15 #
cstbboxcache-cst-attrib $-1 -1 $728 $471 $186 0 0 0 0 0 0 0 0 0 0 0 1 0 1 0 1 1 1 0.10000000000000001 0.10000000000000001 1 1 15 15 #
real_attrib-name_attrib-gen-attrib $-1 -1 $729 $472 $2 0 0 0 0 1 1 1 1 1 1 1 0 1 0 0 1 0 1 @8 bboxymax 0.098000000000000004 #
integer_attrib-name_attrib-gen-attrib $-1 -1 $-1 $474 $85 2 1 1 1 1 1 1 1 1 1 1 1 1 1 0 1 1 1 @3 pid 3 #
integer_attrib-name_attrib-gen-attrib $-1 -1 $730 $475 $123 2 0 0 1 1 1 1 1 1 1 1 1 1 1 0 1 1 1 @3 fif 0 #
cstbboxcache-cst-attrib $-1 -1 $731 $476 $193 0 0 0 0 0 0 0 0 0 0 0 1 0 1 0 1 1 1 0.13500000000000001 0.17000000000000004 0.098000000000000004 0.098000000000000004 -15 -14.982500000000002 #
name_attrib-gen-attrib $-1 -1 $732 $477 $320 0 0 0 0 1 1 1 1 1 1 1 0 1 0 0 1 0 1 @4 bbox #
integer_attrib-name_attrib-gen-attrib $-1 -1 $733 $-1 $480 2 4 2 1 1 1 1 1 1 1 1 1 1 1 0 1 1 1 @12 __EntityID__ 47 #
straight-curve $-1 -1 -1 $-1 0.13500000000000001 0.098000000000000004 -14.991250000000001 0 0 -1 1 I I #
name_attrib-gen-attrib $-1 -1 $734 $481 $326 0 0 0 0 1 1 1 1 1 1 1 0 1 0 0 1 0 1 @4 bbox #
integer_attrib-name_attrib-gen-attrib $-1 -1 $735 $-1 $482 2 4 2 1 1 1 1 1 1 1 1 1 1 1 0 1 1 1 @12 __EntityID__ 35 #
point $-1 -1 -1 $-1 0.13500000000000001 -0.098000000000000004 -15 #
integer_attrib-name_attrib-gen-attrib $-1 -1 $736 $-1 $484 2 4 2 1 1 1 1 1 1 1 1 1 1 1 0 1 1 1 @12 __EntityID__ 43 #
straight-curve $-1 -1 -1 $-1 0.13500000000000001 0 -15 0 1 0 1 I I #
name_attrib-gen-attrib $-1 -1 $737 $485 $328 0 0 0 0 1 1 1 1 1 1 1 0 1 0 0 1 0 1 @4 bbox #
name_attrib-gen-attrib $-1 -1 $738 $487 $330 0 0 0 0 1 1 1 1 1 1 1 0 1 0 0 1 0 1 @4 bbox #
integer_attrib-name_attrib-gen-attrib $-1 -1 $739 $-1 $488 2 4 2 1 1 1 1 1 1 1 1 1 1 1 0 1 1 1 @12 __EntityID__ 36 #
point $-1 -1 -1 $-1 0.13500000000000001 0.098000000000000004 -15 #
cstbboxcache-cst-attrib $-1 -1 $740 $490 $200 0 0 0 0 0 0 0 0 0 0 0 1 0 1 0 1 1 1 0.17000000000000004 0.17000000000000004 -0.098000000000000004 0.098000000000000004 -15 -15 #
name_attrib-gen-attrib $-1 -1 $741 $491 $332 0 0 0 0 1 1 1 1 1 1 1 0 1 0 0 1 0 1 @4 bbox #
name_attrib-gen-attrib $-1 -1 $742 $493 $333 0 0 0 0 1 1 1 1 1 1 1 0 1 0 0 1 0 1 @4 bbox #
name_attrib-gen-attrib $-1 -1 $743 $495 $336 0 0 0 0 1 1 1 1 1 1 1 0 1 0 0 1 0 1 @4 bbox #
cstbboxcache-cst-attrib $-1 -1 $744 $497 $203 0 0 0 0 0 0 0 0 0 0 0 1 0 1 0 1 1 1 0.13500000000000001 0.17000000000000004 0.098000000000000004 0.098000000000000004 -14.982500000000002 -14.982500000000002 #
name_attrib-gen-attrib $-1 -1 $745 $498 $340 0 0 0 0 1 1 1 1 1 1 1 0 1 0 0 1 0 1 @4 bbox #
cstbboxcache-cst-attrib $-1 -1 $746 $500 $205 0 0 0 0 0 0 0 0 0 0 0 1 0 1 0 1 1 1 0.13500000000000001 0.17000000000000004 -0.098000000000000004 -0.098000000000000004 -14.982500000000002 -14.982500000000002 #
name_attrib-gen-attrib $-1 -1 $747 $501 $344 0 0 0 0 1 1 1 1 1 1 1 0 1 0 0 1 0 1 @4 bbox #
name_attrib-gen-attrib $-1 -1 $748 $503 $346 0 0 0 0 1 1 1 1 1 1 1 0 1 0 0 1 0 1 @4 bbox #
name_attrib-gen-attrib $-1 -1 $749 $505 $347 0 0 0 0 1 1 1 1 1 1 1 0 1 0 0 1 0 1 @4 bbox #
name_attrib-gen-attrib $-1 -1 $750 $507 $130 2 1 1 1 1 1 1 1 1 1 1 1 1 1 0 1 1 1 @3 eif #
cstbboxcache-cst-attrib $-1 -1 $751 $508 $210 0 0 0 0 0 0 0 0 0 0 0 1 0 1 0 1 1 1 0.17000000000000004 0.17000000000000004 -0.098000000000000004 -0.098000000000000004 -14.982500000000002 -14.982500000000002 #
cstbboxcache-cst-attrib $-1 -1 $752 $509 $211 0 0 0 0 0 0 0 0 0 0 0 1 0 1 0 1 1 1 0.17000000000000004 0.17000000000000004 0.098000000000000004 0.098000000000000004 -14.982500000000002 -14.982500000000002 #
real_attrib-name_attrib-gen-attrib $-1 -1 $753 $510 $3 0 0 0 0 1 1 1 1 1 1 1 0 1 0 0 1 0 1 @8 bboxymax 1 #
integer_attrib-name_attrib-gen-attrib $-1 -1 $-1 $512 $92 2 1 1 1 1 1 1 1 1 1 1 1 1 1 0 1 1 1 @3 pid 3 #
integer_attrib-name_attrib-gen-attrib $-1 -1 $754 $513 $135 2 0 0 1 1 1 1 1 1 1 1 1 1 1 0 1 1 1 @3 fif 0 #
cstbboxcache-cst-attrib $-1 -1 $755 $514 $218 0 0 0 0 0 0 0 0 0 0 0 1 0 1 0 1 1 1 0.13500000000000001 0.13500000000000001 -1 1 -15 15 #
name_attrib-gen-attrib $-1 -1 $756 $515 $359 0 0 0 0 1 1 1 1 1 1 1 0 1 0 0 1 0 1 @4 bbox #
coedge $-1 -1 -1 $-1 $532 $524 $519 $650 forward $516 $-1 #
edge $757 -1 -1 $-1 $527 -1 $652 1 $519 $758 forward @7 unknown T 0.10000000000000001 -1 -15 0.10000000000000001 1 -15 #
integer_attrib-name_attrib-gen-attrib $-1 -1 $759 $-1 $520 2 4 2 1 1 1 1 1 1 1 1 1 1 1 0 1 1 1 @12 __EntityID__ 72 #
vertex $760 -1 -1 $-1 $538 $761 #
straight-curve $-1 -1 -1 $-1 0.10000000000000001 -1 -15 1 0 0 1 I I #
name_attrib-gen-attrib $-1 -1 $762 $521 $365 0 0 0 0 1 1 1 1 1 1 1 0 1 0 0 1 0 1 @4 bbox #
integer_attrib-name_attrib-gen-attrib $-1 -1 $763 $-1 $522 2 4 2 1 1 1 1 1 1 1 1 1 1 1 0 1 1 1 @12 __EntityID__ 62 #
point $-1 -1 -1 $-1 0.13500000000000001 -1 -15 #
integer_attrib-name_attrib-gen-attrib $-1 -1 $764 $-1 $525 2 4 2 1 1 1 1 1 1 1 1 1 1 1 0 1 1 1 @12 __EntityID__ 70 #
straight-curve $-1 -1 -1 $-1 0.10000000000000001 1 0 0 0 -1 1 I I #
name_attrib-gen-attrib $-1 -1 $765 $526 $367 0 0 0 0 1 1 1 1 1 1 1 0 1 0 0 1 0 1 @4 bbox #
integer_attrib-name_attrib-gen-attrib $-1 -1 $766 $-1 $527 2 4 2 1 1 1 1 1 1 1 1 1 1 1 0 1 1 1 @12 __EntityID__ 61 #
point $-1 -1 -1 $-1 0.10000000000000001 1 -15 #
cstbboxcache-cst-attrib $-1 -1 $767 $529 $225 0 0 0 0 0 0 0 0 0 0 0 1 0 1 0 1 1 1 0.13500000000000001 0.13500000000000001 1 1 -15 15 #
name_attrib-gen-attrib $-1 -1 $768 $530 $369 0 0 0 0 1 1 1 1 1 1 1 0 1 0 0 1 0 1 @4 bbox #
name_attrib-gen-attrib $-1 -1 $769 $533 $372 0 0 0 0 1 1 1 1 1 1 1 0 1 0 0 1 0 1 @4 bbox #
cstbboxcache-cst-attrib $-1 -1 $770 $535 $227 0 0 0 0 0 0 0 0 0 0 0 1 0 1 0 1 1 1 0.10000000000000001 0.13500000000000001 1 1 15 15 #
name_attrib-gen-attrib $-1 -1 $771 $536 $374 0 0 0 0 1 1 1 1 1 1 1 0 1 0 0 1 0 1 @4 bbox #
integer_attrib-name_attrib-gen-attrib $-1 -1 $772 $-1 $538 2 4 2 1 1 1 1 1 1 1 1 1 1 1 0 1 1 1 @12 __EntityID__ 75 #
straight-curve $-1 -1 -1 $-1 0.10000000000000001 -1 0 0 0 -1 1 I I #
cstbboxcache-cst-attrib $-1 -1 $773 $539 $229 0 0 0 0 0 0 0 0 0 0 0 1 0 1 0 1 1 1 0.10000000000000001 0.13500000000000001 -1 -1 15 15 #
name_attrib-gen-attrib $-1 -1 $774 $540 $378 0 0 0 0 1 1 1 1 1 1 1 0 1 0 0 1 0 1 @4 bbox #
name_attrib-gen-attrib $-1 -1 $775 $542 $380 0 0 0 0 1 1 1 1 1 1 1 0 1 0 0 1 0 1 @4 bbox #
name_attrib-gen-attrib $-1 -1 $776 $544 $142 2 1 1 1 1 1 1 1 1 1 1 1 1 1 0 1 1 1 @3 eif #
cstbboxcache-cst-attrib $-1 -1 $777 $545 $233 0 0 0 0 0 0 0 0 0 0 0 1 0 1 0 1 1 1 0.13500000000000001 0.13500000000000001 -1 -1 15 15 #
cstbboxcache-cst-attrib $-1 -1 $778 $546 $234 0 0 0 0 0 0 0 0 0 0 0 1 0 1 0 1 1 1 0.13500000000000001 0.13500000000000001 1 1 15 15 #
real_attrib-name_attrib-gen-attrib $-1 -1 $779 $547 $4 0 0 0 0 1 1 1 1 1 1 1 0 1 0 0 1 0 1 @8 bboxymax 0.098000000000000004 #
integer_attrib-name_attrib-gen-attrib $-1 -1 $-1 $549 $99 2 1 1 1 1 1 1 1 1 1 1 1 1 1 0 1 1 1 @3 pid 3 #
integer_attrib-name_attrib-gen-attrib $-1 -1 $780 $550 $147 2 0 0 1 1 1 1 1 1 1 1 1 1 1 0 1 1 1 @3 fif 0 #
cstbboxcache-cst-attrib $-1 -1 $781 $551 $241 0 0 0 0 0 0 0 0 0 0 0 1 0 1 0 1 1 1 -0.035000000000000003 0 0.098000000000000004 0.098000000000000004 -15 15 #
name_attrib-gen-attrib $-1 -1 $782 $552 $392 0 0 0 0 1 1 1 1 1 1 1 0 1 0 0 1 0 1 @4 bbox #
integer_attrib-name_attrib-gen-attrib $-1 -1 $783 $-1 $555 2 4 2 1 1 1 1 1 1 1 1 1 1 1 0 1 1 1 @12 __EntityID__ 101 #
straight-curve $-1 -1 -1 $-1 -0.035000000000000003 0.098000000000000004 0 0 0 -1 1 I I #
name_attrib-gen-attrib $-1 -1 $784 $556 $398 0 0 0 0 1 1 1 1 1 1 1 0 1 0 0 1 0 1 @4 bbox #
integer_attrib-name_attrib-gen-attrib $-1 -1 $785 $-1 $557 2 4 2 1 1 1 1 1 1 1 1 1 1 1 0 1 1 1 @12 __EntityID__ 89 #
point $-1 -1 -1 $-1 -0.035000000000000003 -0.098000000000000004 -15 #
integer_attrib-name_attrib-gen-attrib $-1 -1 $786 $-1 $559 2 4 2 1 1 1 1 1 1 1 1 1 1 1 0 1 1 1 @12 __EntityID__ 97 #
straight-curve $-1 -1 -1 $-1 -0.035000000000000003 0 -15 0 1 0 1 I I #
name_attrib-gen-attrib $-1 -1 $787 $560 $400 0 0 0 0 1 1 1 1 1 1 1 0 1 0 0 1 0 1 @4 bbox #
name_attrib-gen-attrib $-1 -1 $788 $562 $402 0 0 0 0 1 1 1 1 1 1 1 0 1 0 0 1 0 1 @4 bbox #
integer_attrib-name_attrib-gen-attrib $-1 -1 $789 $-1 $563 2 4 2 1 1 1 1 1 1 1 1 1 1 1 0 1 1 1 @12 __EntityID__ 90 #
point $-1 -1 -1 $-1 -0.035000000000000003 0.098000000000000004 -15 #
cstbboxcache-cst-attrib $-1 -1 $790 $565 $248 0 0 0 0 0 0 0 0 0 0 0 1 0 1 0 1 1 1 0 0 -0.098000000000000004 0.098000000000000004 -15 -15 #
name_attrib-gen-attrib $-1 -1 $791 $566 $404 0 0 0 0 1 1 1 1 1 1 1 0 1 0 0 1 0 1 @4 bbox #
name_attrib-gen-attrib $-1 -1 $792 $568 $405 0 0 0 0 1 1 1 1 1 1 1 0 1 0 0 1 0 1 @4 bbox #
name_attrib-gen-attrib $-1 -1 $793 $570 $408 0 0 0 0 1 1 1 1 1 1 1 0 1 0 0 1 0 1 @4 bbox #
cstbboxcache-cst-attrib $-1 -1 $794 $572 $251 0 0 0 0 0 0 0 0 0 0 0 1 0 1 0 1 1 1 -0.035000000000000003 0 0.098000000000000004 0.098000000000000004 15 15 #
name_attrib-gen-attrib $-1 -1 $795 $573 $412 0 0 0 0 1 1 1 1 1 1 1 0 1 0 0 1 0 1 @4 bbox #
cstbboxcache-cst-attrib $-1 -1 $796 $575 $253 0 0 0 0 0 0 0 0 0 0 0 1 0 1 0 1 1 1 -0.035000000000000003 0 -0.098000000000000004 -0.098000000000000004 15 15 #
name_attrib-gen-attrib $-1 -1 $797 $576 $416 0 0 0 0 1 1 1 1 1 1 1 0 1 0 0 1 0 1 @4 bbox #
name_attrib-gen-attrib $-1 -1 $798 $578 $418 0 0 0 0 1 1 1 1 1 1 1 0 1 0 0 1 0 1 @4 bbox #
name_attrib-gen-attrib $-1 -1 $799 $580 $419 0 0 0 0 1 1 1 1 1 1 1 0 1 0 0 1 0 1 @4 bbox #
name_attrib-gen-attrib $-1 -1 $800 $582 $154 2 1 1 1 1 1 1 1 1 1 1 1 1 1 0 1 1 1 @3 eif #
cstbboxcache-cst-attrib $-1 -1 $801 $583 $258 0 0 0 0 0 0 0 0 0 0 0 1 0 1 0 1 1 1 0 0 -0.098000000000000004 -0.098000000000000004 15 15 #
cstbboxcache-cst-attrib $-1 -1 $802 $584 $259 0 0 0 0 0 0 0 0 0 0 0 1 0 1 0 1 1 1 0 0 0.098000000000000004 0.098000000000000004 15 15 #
integer_attrib-name_attrib-gen-attrib $-1 -1 $-1 $585 $262 2 4 2 2 1 1 1 1 1 1 1 1 1 1 0 1 1 1 @17 iFaceportTerminal 1 #
real_attrib-name_attrib-gen-attrib $-1 -1 $803 $586 $1 0 0 0 0 1 1 1 1 1 1 1 0 1 0 0 1 0 1 @8 bboxymin -1 #
integer_attrib-name_attrib-gen-attrib $-1 -1 $-1 $588 $111 2 1 1 1 1 1 1 1 1 1 1 1 1 1 0 1 1 1 @3 pid 4 #
integer_attrib-name_attrib-gen-attrib $-1 -1 $804 $589 $168 2 0 0 1 1 1 1 1 1 1 1 1 1 1 0 1 1 1 @3 fif 0 #
cstbboxcache-cst-attrib $-1 -1 $805 $590 $280 0 0 0 0 0 0 0 0 0 0 0 1 0 1 0 1 1 1 0.10000000000000001 0.10000000000000001 -1 1 -15 15 #
name_attrib-gen-attrib $-1 -1 $806 $591 $442 0 0 0 0 1 1 1 1 1 1 1 0 1 0 0 1 0 1 @4 bbox #
cstbboxcache-cst-attrib $-1 -1 $807 $593 $286 0 0 0 0 0 0 0 0 0 0 0 1 0 1 0 1 1 1 0 0 -1 -1 -15 15 #
name_attrib-gen-attrib $-1 -1 $808 $594 $444 0 0 0 0 1 1 1 1 1 1 1 0 1 0 0 1 0 1 @4 bbox #
name_attrib-gen-attrib $-1 -1 $809 $596 $446 0 0 0 0 1 1 1 1 1 1 1 0 1 0 0 1 0 1 @4 bbox #
cstbboxcache-cst-attrib $-1 -1 $810 $598 $288 0 0 0 0 0 0 0 0 0 0 0 1 0 1 0 1 1 1 0 0.10000000000000001 -1 -1 -15 -15 #
cstbboxcache-cst-attrib $-1 -1 $811 $599 $290 0 0 0 0 0 0 0 0 0 0 0 1 0 1 0 1 1 1 0 0.10000000000000001 1 1 -15 -15 #
name_attrib-gen-attrib $-1 -1 $812 $600 $450 0 0 0 0 1 1 1 1 1 1 1 0 1 0 0 1 0 1 @4 bbox #
name_attrib-gen-attrib $-1 -1 $813 $602 $175 2 1 1 1 1 1 1 1 1 1 1 1 1 1 0 1 1 1 @3 eif #
cstbboxcache-cst-attrib $-1 -1 $814 $603 $292 0 0 0 0 0 0 0 0 0 0 0 1 0 1 0 1 1 1 0.10000000000000001 0.10000000000000001 1 1 -15 -15 #
cstbboxcache-cst-attrib $-1 -1 $815 $604 $293 0 0 0 0 0 0 0 0 0 0 0 1 0 1 0 1 1 1 0.10000000000000001 0.10000000000000001 -1 -1 -15 -15 #
cstbboxcache-cst-attrib $-1 -1 $816 $605 $296 0 0 0 0 0 0 0 0 0 0 0 1 0 1 0 1 1 1 0 0 -1 1 15 15 #
name_attrib-gen-attrib $-1 -1 $817 $606 $178 2 1 1 1 1 1 1 1 1 1 1 1 1 1 0 1 1 1 @3 eif #
cstbboxcache-cst-attrib $-1 -1 $818 $607 $300 0 0 0 0 0 0 0 0 0 0 0 1 0 1 0 1 1 1 0 0 1 1 15 15 #
name_attrib-gen-attrib $-1 -1 $819 $608 $180 2 1 1 1 1 1 1 1 1 1 1 1 1 1 0 1 1 1 @3 eif #
cstbboxcache-cst-attrib $-1 -1 $820 $609 $304 0 0 0 0 0 0 0 0 0 0 0 1 0 1 0 1 1 1 0 0 -1 -1 15 15 #
cstbboxcache-cst-attrib $-1 -1 $821 $610 $306 0 0 0 0 0 0 0 0 0 0 0 1 0 1 0 1 1 1 0.10000000000000001 0.10000000000000001 -1 -1 -15 15 #
cstbboxcache-cst-attrib $-1 -1 $822 $611 $307 0 0 0 0 0 0 0 0 0 0 0 1 0 1 0 1 1 1 0.10000000000000001 0.10000000000000001 1 1 -15 15 #
integer_attrib-name_attrib-gen-attrib $-1 -1 $-1 $612 $118 2 1 1 1 1 1 1 1 1 1 1 1 1 1 0 1 1 1 @3 pid 1 #
integer_attrib-name_attrib-gen-attrib $-1 -1 $-1 $613 $185 2 1 1 1 1 1 1 1 1 1 1 1 1 1 0 1 1 1 @3 pid 1 #
integer_attrib-name_attrib-gen-attrib $-1 -1 $-1 $614 $186 2 1 1 1 1 1 1 1 1 1 1 1 1 1 0 1 1 1 @3 pid 2 #
real_attrib-name_attrib-gen-attrib $-1 -1 $823 $615 $2 0 0 0 0 1 1 1 1 1 1 1 0 1 0 0 1 0 1 @8 bboxymin -0.098000000000000004 #
integer_attrib-name_attrib-gen-attrib $-1 -1 $-1 $617 $123 2 1 1 1 1 1 1 1 1 1 1 1 1 1 0 1 1 1 @3 pid 4 #
integer_attrib-name_attrib-gen-attrib $-1 -1 $824 $618 $193 2 0 0 1 1 1 1 1 1 1 1 1 1 1 0 1 1 1 @3 fif 0 #
cstbboxcache-cst-attrib $-1 -1 $825 $619 $320 0 0 0 0 0 0 0 0 0 0 0 1 0 1 0 1 1 1 0.17000000000000004 0.17000000000000004 -0.098000000000000004 0.098000000000000004 -15 -14.982500000000002 #
name_attrib-gen-attrib $-1 -1 $826 $620 $480 0 0 0 0 1 1 1 1 1 1 1 0 1 0 0 1 0 1 @4 bbox #
cstbboxcache-cst-attrib $-1 -1 $827 $622 $326 0 0 0 0 0 0 0 0 0 0 0 1 0 1 0 1 1 1 0.13500000000000001 0.13500000000000001 -0.098000000000000004 -0.098000000000000004 -15 -14.982500000000002 #
name_attrib-gen-attrib $-1 -1 $828 $623 $482 0 0 0 0 1 1 1 1 1 1 1 0 1 0 0 1 0 1 @4 bbox #
name_attrib-gen-attrib $-1 -1 $829 $625 $484 0 0 0 0 1 1 1 1 1 1 1 0 1 0 0 1 0 1 @4 bbox #
cstbboxcache-cst-attrib $-1 -1 $830 $627 $328 0 0 0 0 0 0 0 0 0 0 0 1 0 1 0 1 1 1 0.13500000000000001 0.17000000000000004 -0.098000000000000004 -0.098000000000000004 -15 -15 #
cstbboxcache-cst-attrib $-1 -1 $831 $628 $330 0 0 0 0 0 0 0 0 0 0 0 1 0 1 0 1 1 1 0.13500000000000001 0.17000000000000004 0.098000000000000004 0.098000000000000004 -15 -15 #
name_attrib-gen-attrib $-1 -1 $832 $629 $488 0 0 0 0 1 1 1 1 1 1 1 0 1 0 0 1 0 1 @4 bbox #
name_attrib-gen-attrib $-1 -1 $833 $631 $200 2 1 1 1 1 1 1 1 1 1 1 1 1 1 0 1 1 1 @3 eif #
cstbboxcache-cst-attrib $-1 -1 $834 $632 $332 0 0 0 0 0 0 0 0 0 0 0 1 0 1 0 1 1 1 0.17000000000000004 0.17000000000000004 0.098000000000000004 0.098000000000000004 -15 -15 #
cstbboxcache-cst-attrib $-1 -1 $835 $633 $333 0 0 0 0 0 0 0 0 0 0 0 1 0 1 0 1 1 1 0.17000000000000004 0.17000000000000004 -0.098000000000000004 -0.098000000000000004 -15 -15 #
cstbboxcache-cst-attrib $-1 -1 $836 $634 $336 0 0 0 0 0 0 0 0 0 0 0 1 0 1 0 1 1 1 0.13500000000000001 0.13500000000000001 -0.098000000000000004 0.098000000000000004 -14.982500000000002 -14.982500000000002 #
name_attrib-gen-attrib $-1 -1 $837 $635 $203 2 1 1 1 1 1 1 1 1 1 1 1 1 1 0 1 1 1 @3 eif #
cstbboxcache-cst-attrib $-1 -1 $838 $636 $340 0 0 0 0 0 0 0 0 0 0 0 1 0 1 0 1 1 1 0.13500000000000001 0.13500000000000001 0.098000000000000004 0.098000000000000004 -14.982500000000002 -14.982500000000002 #
name_attrib-gen-attrib $-1 -1 $839 $637 $205 2 1 1 1 1 1 1 1 1 1 1 1 1 1 0 1 1 1 @3 eif #
cstbboxcache-cst-attrib $-1 -1 $840 $638 $344 0 0 0 0 0 0 0 0 0 0 0 1 0 1 0 1 1 1 0.13500000000000001 0.13500000000000001 -0.098000000000000004 -0.098000000000000004 -14.982500000000002 -14.982500000000002 #
cstbboxcache-cst-attrib $-1 -1 $841 $639 $346 0 0 0 0 0 0 0 0 0 0 0 1 0 1 0 1 1 1 0.17000000000000004 0.17000000000000004 -0.098000000000000004 -0.098000000000000004 -15 -14.982500000000002 #
cstbboxcache-cst-attrib $-1 -1 $842 $640 $347 0 0 0 0 0 0 0 0 0 0 0 1 0 1 0 1 1 1 0.17000000000000004 0.17000000000000004 0.098000000000000004 0.098000000000000004 -15 -14.982500000000002 #
integer_attrib-name_attrib-gen-attrib $-1 -1 $-1 $641 $130 2 1 1 1 1 1 1 1 1 1 1 1 1 1 0 1 1 1 @3 pid 1 #
integer_attrib-name_attrib-gen-attrib $-1 -1 $-1 $642 $210 2 1 1 1 1 1 1 1 1 1 1 1 1 1 0 1 1 1 @3 pid 1 #
integer_attrib-name_attrib-gen-attrib $-1 -1 $-1 $643 $211 2 1 1 1 1 1 1 1 1 1 1 1 1 1 0 1 1 1 @3 pid 2 #
real_attrib-name_attrib-gen-attrib $-1 -1 $843 $644 $3 0 0 0 0 1 1 1 1 1 1 1 0 1 0 0 1 0 1 @8 bboxymin -1 #
integer_attrib-name_attrib-gen-attrib $-1 -1 $-1 $646 $135 2 1 1 1 1 1 1 1 1 1 1 1 1 1 0 1 1 1 @3 pid 4 #
integer_attrib-name_attrib-gen-attrib $-1 -1 $844 $647 $218 2 0 0 1 1 1 1 1 1 1 1 1 1 1 0 1 1 1 @3 fif 0 #
cstbboxcache-cst-attrib $-1 -1 $845 $648 $359 0 0 0 0 0 0 0 0 0 0 0 1 0 1 0 1 1 1 0.10000000000000001 0.10000000000000001 -1 1 -15 15 #
integer_attrib-name_attrib-gen-attrib $-1 -1 $846 $-1 $650 2 4 2 1 1 1 1 1 1 1 1 1 1 1 0 1 1 1 @12 __EntityID__ 73 #
straight-curve $-1 -1 -1 $-1 0.10000000000000001 0 -15 0 -1 0 1 I I #
name_attrib-gen-attrib $-1 -1 $847 $651 $520 0 0 0 0 1 1 1 1 1 1 1 0 1 0 0 1 0 1 @4 bbox #
integer_attrib-name_attrib-gen-attrib $-1 -1 $848 $-1 $652 2 4 2 1 1 1 1 1 1 1 1 1 1 1 0 1 1 1 @12 __EntityID__ 63 #
point $-1 -1 -1 $-1 0.10000000000000001 -1 -15 #
cstbboxcache-cst-attrib $-1 -1 $849 $654 $365 0 0 0 0 0 0 0 0 0 0 0 1 0 1 0 1 1 1 0.13500000000000001 0.13500000000000001 -1 1 -15 -15 #
name_attrib-gen-attrib $-1 -1 $850 $655 $522 0 0 0 0 1 1 1 1 1 1 1 0 1 0 0 1 0 1 @4 bbox #
name_attrib-gen-attrib $-1 -1 $851 $657 $525 0 0 0 0 1 1 1 1 1 1 1 0 1 0 0 1 0 1 @4 bbox #
cstbboxcache-cst-attrib $-1 -1 $852 $659 $367 0 0 0 0 0 0 0 0 0 0 0 1 0 1 0 1 1 1 0.10000000000000001 0.13500000000000001 1 1 -15 -15 #
name_attrib-gen-attrib $-1 -1 $853 $660 $527 0 0 0 0 1 1 1 1 1 1 1 0 1 0 0 1 0 1 @4 bbox #
name_attrib-gen-attrib $-1 -1 $854 $662 $225 2 1 1 1 1 1 1 1 1 1 1 1 1 1 0 1 1 1 @3 eif #
cstbboxcache-cst-attrib $-1 -1 $855 $663 $369 0 0 0 0 0 0 0 0 0 0 0 1 0 1 0 1 1 1 0.13500000000000001 0.13500000000000001 1 1 -15 -15 #
cstbboxcache-cst-attrib $-1 -1 $856 $664 $372 0 0 0 0 0 0 0 0 0 0 0 1 0 1 0 1 1 1 0.10000000000000001 0.10000000000000001 -1 1 15 15 #
name_attrib-gen-attrib $-1 -1 $857 $665 $227 2 1 1 1 1 1 1 1 1 1 1 1 1 1 0 1 1 1 @3 eif #
cstbboxcache-cst-attrib $-1 -1 $858 $666 $374 0 0 0 0 0 0 0 0 0 0 0 1 0 1 0 1 1 1 0.10000000000000001 0.10000000000000001 1 1 15 15 #
name_attrib-gen-attrib $-1 -1 $859 $667 $538 0 0 0 0 1 1 1 1 1 1 1 0 1 0 0 1 0 1 @4 bbox #
name_attrib-gen-attrib $-1 -1 $860 $669 $229 2 1 1 1 1 1 1 1 1 1 1 1 1 1 0 1 1 1 @3 eif #
cstbboxcache-cst-attrib $-1 -1 $861 $670 $378 0 0 0 0 0 0 0 0 0 0 0 1 0 1 0 1 1 1 0.10000000000000001 0.10000000000000001 -1 -1 15 15 #
cstbboxcache-cst-attrib $-1 -1 $862 $671 $380 0 0 0 0 0 0 0 0 0 0 0 1 0 1 0 1 1 1 0.13500000000000001 0.13500000000000001 -1 -1 -15 15 #
integer_attrib-name_attrib-gen-attrib $-1 -1 $-1 $672 $142 2 1 1 1 1 1 1 1 1 1 1 1 1 1 0 1 1 1 @3 pid 1 #
integer_attrib-name_attrib-gen-attrib $-1 -1 $-1 $673 $233 2 1 1 1 1 1 1 1 1 1 1 1 1 1 0 1 1 1 @3 pid 1 #
integer_attrib-name_attrib-gen-attrib $-1 -1 $-1 $674 $234 2 1 1 1 1 1 1 1 1 1 1 1 1 1 0 1 1 1 @3 pid 2 #
real_attrib-name_attrib-gen-attrib $-1 -1 $863 $675 $4 0 0 0 0 1 1 1 1 1 1 1 0 1 0 0 1 0 1 @8 bboxymin -0.098000000000000004 #
integer_attrib-name_attrib-gen-attrib $-1 -1 $-1 $677 $147 2 1 1 1 1 1 1 1 1 1 1 1 1 1 0 1 1 1 @3 pid 4 #
integer_attrib-name_attrib-gen-attrib $-1 -1 $864 $678 $241 2 0 0 1 1 1 1 1 1 1 1 1 1 1 0 1 1 1 @3 fif 0 #
cstbboxcache-cst-attrib $-1 -1 $865 $679 $392 0 0 0 0 0 0 0 0 0 0 0 1 0 1 0 1 1 1 0 0 -0.098000000000000004 0.098000000000000004 -15 15 #
name_attrib-gen-attrib $-1 -1 $866 $680 $555 0 0 0 0 1 1 1 1 1 1 1 0 1 0 0 1 0 1 @4 bbox #
cstbboxcache-cst-attrib $-1 -1 $867 $682 $398 0 0 0 0 0 0 0 0 0 0 0 1 0 1 0 1 1 1 -0.035000000000000003 -0.035000000000000003 -0.098000000000000004 -0.098000000000000004 -15 15 #
name_attrib-gen-attrib $-1 -1 $868 $683 $557 0 0 0 0 1 1 1 1 1 1 1 0 1 0 0 1 0 1 @4 bbox #
name_attrib-gen-attrib $-1 -1 $869 $685 $559 0 0 0 0 1 1 1 1 1 1 1 0 1 0 0 1 0 1 @4 bbox #
cstbboxcache-cst-attrib $-1 -1 $870 $687 $400 0 0 0 0 0 0 0 0 0 0 0 1 0 1 0 1 1 1 -0.035000000000000003 0 -0.098000000000000004 -0.098000000000000004 -15 -15 #
cstbboxcache-cst-attrib $-1 -1 $871 $688 $402 0 0 0 0 0 0 0 0 0 0 0 1 0 1 0 1 1 1 -0.035000000000000003 0 0.098000000000000004 0.098000000000000004 -15 -15 #
name_attrib-gen-attrib $-1 -1 $872 $689 $563 0 0 0 0 1 1 1 1 1 1 1 0 1 0 0 1 0 1 @4 bbox #
name_attrib-gen-attrib $-1 -1 $873 $691 $248 2 1 1 1 1 1 1 1 1 1 1 1 1 1 0 1 1 1 @3 eif #
cstbboxcache-cst-attrib $-1 -1 $874 $692 $404 0 0 0 0 0 0 0 0 0 0 0 1 0 1 0 1 1 1 0 0 0.098000000000000004 0.098000000000000004 -15 -15 #
cstbboxcache-cst-attrib $-1 -1 $875 $693 $405 0 0 0 0 0 0 0 0 0 0 0 1 0 1 0 1 1 1 0 0 -0.098000000000000004 -0.098000000000000004 -15 -15 #
cstbboxcache-cst-attrib $-1 -1 $876 $694 $408 0 0 0 0 0 0 0 0 0 0 0 1 0 1 0 1 1 1 -0.035000000000000003 -0.035000000000000003 -0.098000000000000004 0.098000000000000004 15 15 #
name_attrib-gen-attrib $-1 -1 $877 $695 $251 2 1 1 1 1 1 1 1 1 1 1 1 1 1 0 1 1 1 @3 eif #
cstbboxcache-cst-attrib $-1 -1 $878 $696 $412 0 0 0 0 0 0 0 0 0 0 0 1 0 1 0 1 1 1 -0.035000000000000003 -0.035000000000000003 0.098000000000000004 0.098000000000000004 15 15 #
name_attrib-gen-attrib $-1 -1 $879 $697 $253 2 1 1 1 1 1 1 1 1 1 1 1 1 1 0 1 1 1 @3 eif #
cstbboxcache-cst-attrib $-1 -1 $880 $698 $416 0 0 0 0 0 0 0 0 0 0 0 1 0 1 0 1 1 1 -0.035000000000000003 -0.035000000000000003 -0.098000000000000004 -0.098000000000000004 15 15 #
cstbboxcache-cst-attrib $-1 -1 $881 $699 $418 0 0 0 0 0 0 0 0 0 0 0 1 0 1 0 1 1 1 0 0 -0.098000000000000004 -0.098000000000000004 -15 15 #
cstbboxcache-cst-attrib $-1 -1 $882 $700 $419 0 0 0 0 0 0 0 0 0 0 0 1 0 1 0 1 1 1 0 0 0.098000000000000004 0.098000000000000004 -15 15 #
integer_attrib-name_attrib-gen-attrib $-1 -1 $-1 $701 $154 2 1 1 1 1 1 1 1 1 1 1 1 1 1 0 1 1 1 @3 pid 1 #
integer_attrib-name_attrib-gen-attrib $-1 -1 $-1 $702 $258 2 1 1 1 1 1 1 1 1 1 1 1 1 1 0 1 1 1 @3 pid 1 #
integer_attrib-name_attrib-gen-attrib $-1 -1 $-1 $703 $259 2 1 1 1 1 1 1 1 1 1 1 1 1 1 0 1 1 1 @3 pid 2 #
real_attrib-name_attrib-gen-attrib $-1 -1 $883 $705 $1 0 0 0 0 1 1 1 1 1 1 1 0 1 0 0 1 0 1 @8 bboxxmax 0.10000000000000001 #
integer_attrib-name_attrib-gen-attrib $-1 -1 $-1 $707 $168 2 1 1 1 1 1 1 1 1 1 1 1 1 1 0 1 1 1 @3 pid 5 #
integer_attrib-name_attrib-gen-attrib $-1 -1 $884 $708 $280 2 0 0 1 1 1 1 1 1 1 1 1 1 1 0 1 1 1 @3 fif 0 #
cstbboxcache-cst-attrib $-1 -1 $885 $709 $442 0 0 0 0 0 0 0 0 0 0 0 1 0 1 0 1 1 1 0 0 1 1 -15 15 #
name_attrib-gen-attrib $-1 -1 $886 $710 $286 2 1 1 1 1 1 1 1 1 1 1 1 1 1 0 1 1 1 @3 eif #
cstbboxcache-cst-attrib $-1 -1 $887 $711 $444 0 0 0 0 0 0 0 0 0 0 0 1 0 1 0 1 1 1 0 0 -1 -1 -15 -15 #
cstbboxcache-cst-attrib $-1 -1 $888 $712 $446 0 0 0 0 0 0 0 0 0 0 0 1 0 1 0 1 1 1 0 0 -1 1 -15 -15 #
name_attrib-gen-attrib $-1 -1 $889 $713 $288 2 1 1 1 1 1 1 1 1 1 1 1 1 1 0 1 1 1 @3 eif #
name_attrib-gen-attrib $-1 -1 $890 $714 $290 2 1 1 1 1 1 1 1 1 1 1 1 1 1 0 1 1 1 @3 eif #
cstbboxcache-cst-attrib $-1 -1 $891 $715 $450 0 0 0 0 0 0 0 0 0 0 0 1 0 1 0 1 1 1 0 0 1 1 -15 -15 #
integer_attrib-name_attrib-gen-attrib $-1 -1 $-1 $716 $175 2 1 1 1 1 1 1 1 1 1 1 1 1 1 0 1 1 1 @3 pid 5 #
integer_attrib-name_attrib-gen-attrib $-1 -1 $-1 $717 $292 2 1 1 1 1 1 1 1 1 1 1 1 1 1 0 1 1 1 @3 pid 5 #
integer_attrib-name_attrib-gen-attrib $-1 -1 $-1 $718 $293 2 1 1 1 1 1 1 1 1 1 1 1 1 1 0 1 1 1 @3 pid 6 #
name_attrib-gen-attrib $-1 -1 $892 $719 $296 2 1 1 1 1 1 1 1 1 1 1 1 1 1 0 1 1 1 @3 eif #
integer_attrib-name_attrib-gen-attrib $-1 -1 $-1 $720 $178 2 1 1 1 1 1 1 1 1 1 1 1 1 1 0 1 1 1 @3 pid 2 #
integer_attrib-name_attrib-gen-attrib $-1 -1 $-1 $721 $300 2 1 1 1 1 1 1 1 1 1 1 1 1 1 0 1 1 1 @3 pid 3 #
integer_attrib-name_attrib-gen-attrib $-1 -1 $-1 $722 $180 2 1 1 1 1 1 1 1 1 1 1 1 1 1 0 1 1 1 @3 pid 4 #
integer_attrib-name_attrib-gen-attrib $-1 -1 $-1 $723 $304 2 1 1 1 1 1 1 1 1 1 1 1 1 1 0 1 1 1 @3 pid 4 #
name_attrib-gen-attrib $-1 -1 $893 $724 $306 2 1 1 1 1 1 1 1 1 1 1 1 1 1 0 1 1 1 @3 eif #
name_attrib-gen-attrib $-1 -1 $894 $725 $307 2 1 1 1 1 1 1 1 1 1 1 1 1 1 0 1 1 1 @3 eif #
real_attrib-name_attrib-gen-attrib $-1 -1 $895 $729 $2 0 0 0 0 1 1 1 1 1 1 1 0 1 0 0 1 0 1 @8 bboxxmax 0.17000000000000004 #
integer_attrib-name_attrib-gen-attrib $-1 -1 $-1 $731 $193 2 1 1 1 1 1 1 1 1 1 1 1 1 1 0 1 1 1 @3 pid 5 #
integer_attrib-name_attrib-gen-attrib $-1 -1 $896 $732 $320 2 0 0 1 1 1 1 1 1 1 1 1 1 1 0 1 1 1 @3 fif 0 #
cstbboxcache-cst-attrib $-1 -1 $897 $733 $480 0 0 0 0 0 0 0 0 0 0 0 1 0 1 0 1 1 1 0.13500000000000001 0.13500000000000001 0.098000000000000004 0.098000000000000004 -15 -14.982500000000002 #
name_attrib-gen-attrib $-1 -1 $898 $734 $326 2 1 1 1 1 1 1 1 1 1 1 1 1 1 0 1 1 1 @3 eif #
cstbboxcache-cst-attrib $-1 -1 $899 $735 $482 0 0 0 0 0 0 0 0 0 0 0 1 0 1 0 1 1 1 0.13500000000000001 0.13500000000000001 -0.098000000000000004 -0.098000000000000004 -15 -15 #
cstbboxcache-cst-attrib $-1 -1 $900 $736 $484 0 0 0 0 0 0 0 0 0 0 0 1 0 1 0 1 1 1 0.13500000000000001 0.13500000000000001 -0.098000000000000004 0.098000000000000004 -15 -15 #
name_attrib-gen-attrib $-1 -1 $901 $737 $328 2 1 1 1 1 1 1 1 1 1 1 1 1 1 0 1 1 1 @3 eif #
name_attrib-gen-attrib $-1 -1 $902 $738 $330 2 1 1 1 1 1 1 1 1 1 1 1 1 1 0 1 1 1 @3 eif #
cstbboxcache-cst-attrib $-1 -1 $903 $739 $488 0 0 0 0 0 0 0 0 0 0 0 1 0 1 0 1 1 1 0.13500000000000001 0.13500000000000001 0.098000000000000004 0.098000000000000004 -15 -15 #
integer_attrib-name_attrib-gen-attrib $-1 -1 $-1 $740 $200 2 1 1 1 1 1 1 1 1 1 1 1 1 1 0 1 1 1 @3 pid 5 #
integer_attrib-name_attrib-gen-attrib $-1 -1 $-1 $741 $332 2 1 1 1 1 1 1 1 1 1 1 1 1 1 0 1 1 1 @3 pid 5 #
integer_attrib-name_attrib-gen-attrib $-1 -1 $-1 $742 $333 2 1 1 1 1 1 1 1 1 1 1 1 1 1 0 1 1 1 @3 pid 6 #
name_attrib-gen-attrib $-1 -1 $904 $743 $336 2 1 1 1 1 1 1 1 1 1 1 1 1 1 0 1 1 1 @3 eif #
integer_attrib-name_attrib-gen-attrib $-1 -1 $-1 $744 $203 2 1 1 1 1 1 1 1 1 1 1 1 1 1 0 1 1 1 @3 pid 2 #
integer_attrib-name_attrib-gen-attrib $-1 -1 $-1 $745 $340 2 1 1 1 1 1 1 1 1 1 1 1 1 1 0 1 1 1 @3 pid 3 #
integer_attrib-name_attrib-gen-attrib $-1 -1 $-1 $746 $205 2 1 1 1 1 1 1 1 1 1 1 1 1 1 0 1 1 1 @3 pid 4 #
integer_attrib-name_attrib-gen-attrib $-1 -1 $-1 $747 $344 2 1 1 1 1 1 1 1 1 1 1 1 1 1 0 1 1 1 @3 pid 4 #
name_attrib-gen-attrib $-1 -1 $905 $748 $346 2 1 1 1 1 1 1 1 1 1 1 1 1 1 0 1 1 1 @3 eif #
name_attrib-gen-attrib $-1 -1 $906 $749 $347 2 1 1 1 1 1 1 1 1 1 1 1 1 1 0 1 1 1 @3 eif #
real_attrib-name_attrib-gen-attrib $-1 -1 $907 $753 $3 0 0 0 0 1 1 1 1 1 1 1 0 1 0 0 1 0 1 @8 bboxxmax 0.13500000000000001 #
integer_attrib-name_attrib-gen-attrib $-1 -1 $-1 $755 $218 2 1 1 1 1 1 1 1 1 1 1 1 1 1 0 1 1 1 @3 pid 5 #
integer_attrib-name_attrib-gen-attrib $-1 -1 $908 $756 $359 2 0 0 1 1 1 1 1 1 1 1 1 1 1 0 1 1 1 @3 fif 0 #
name_attrib-gen-attrib $-1 -1 $909 $757 $650 0 0 0 0 1 1 1 1 1 1 1 0 1 0 0 1 0 1 @4 bbox #
cstbboxcache-cst-attrib $-1 -1 $910 $759 $520 0 0 0 0 0 0 0 0 0 0 0 1 0 1 0 1 1 1 0.10000000000000001 0.13500000000000001 -1 -1 -15 -15 #
name_attrib-gen-attrib $-1 -1 $911 $760 $652 0 0 0 0 1 1 1 1 1 1 1 0 1 0 0 1 0 1 @4 bbox #
name_attrib-gen-attrib $-1 -1 $912 $762 $365 2 1 1 1 1 1 1 1 1 1 1 1 1 1 0 1 1 1 @3 eif #
cstbboxcache-cst-attrib $-1 -1 $913 $763 $522 0 0 0 0 0 0 0 0 0 0 0 1 0 1 0 1 1 1 0.13500000000000001 0.13500000000000001 -1 -1 -15 -15 #
cstbboxcache-cst-attrib $-1 -1 $914 $764 $525 0 0 0 0 0 0 0 0 0 0 0 1 0 1 0 1 1 1 0.10000000000000001 0.10000000000000001 1 1 -15 15 #
name_attrib-gen-attrib $-1 -1 $915 $765 $367 2 1 1 1 1 1 1 1 1 1 1 1 1 1 0 1 1 1 @3 eif #
cstbboxcache-cst-attrib $-1 -1 $916 $766 $527 0 0 0 0 0 0 0 0 0 0 0 1 0 1 0 1 1 1 0.10000000000000001 0.10000000000000001 1 1 -15 -15 #
integer_attrib-name_attrib-gen-attrib $-1 -1 $-1 $767 $225 2 1 1 1 1 1 1 1 1 1 1 1 1 1 0 1 1 1 @3 pid 5 #
integer_attrib-name_attrib-gen-attrib $-1 -1 $-1 $768 $369 2 1 1 1 1 1 1 1 1 1 1 1 1 1 0 1 1 1 @3 pid 5 #
name_attrib-gen-attrib $-1 -1 $917 $769 $372 2 1 1 1 1 1 1 1 1 1 1 1 1 1 0 1 1 1 @3 eif #
integer_attrib-name_attrib-gen-attrib $-1 -1 $-1 $770 $227 2 1 1 1 1 1 1 1 1 1 1 1 1 1 0 1 1 1 @3 pid 2 #
integer_attrib-name_attrib-gen-attrib $-1 -1 $-1 $771 $374 2 1 1 1 1 1 1 1 1 1 1 1 1 1 0 1 1 1 @3 pid 3 #
cstbboxcache-cst-attrib $-1 -1 $918 $772 $538 0 0 0 0 0 0 0 0 0 0 0 1 0 1 0 1 1 1 0.10000000000000001 0.10000000000000001 -1 -1 -15 15 #
integer_attrib-name_attrib-gen-attrib $-1 -1 $-1 $773 $229 2 1 1 1 1 1 1 1 1 1 1 1 1 1 0 1 1 1 @3 pid 4 #
integer_attrib-name_attrib-gen-attrib $-1 -1 $-1 $774 $378 2 1 1 1 1 1 1 1 1 1 1 1 1 1 0 1 1 1 @3 pid 4 #
name_attrib-gen-attrib $-1 -1 $919 $775 $380 2 1 1 1 1 1 1 1 1 1 1 1 1 1 0 1 1 1 @3 eif #
real_attrib-name_attrib-gen-attrib $-1 -1 $920 $779 $4 0 0 0 0 1 1 1 1 1 1 1 0 1 0 0 1 0 1 @8 bboxxmax 0 #
integer_attrib-name_attrib-gen-attrib $-1 -1 $-1 $781 $241 2 1 1 1 1 1 1 1 1 1 1 1 1 1 0 1 1 1 @3 pid 5 #
integer_attrib-name_attrib-gen-attrib $-1 -1 $921 $782 $392 2 0 0 1 1 1 1 1 1 1 1 1 1 1 0 1 1 1 @3 fif 0 #
cstbboxcache-cst-attrib $-1 -1 $922 $783 $555 0 0 0 0 0 0 0 0 0 0 0 1 0 1 0 1 1 1 -0.035000000000000003 -0.035000000000000003 0.098000000000000004 0.098000000000000004 -15 15 #
name_attrib-gen-attrib $-1 -1 $923 $784 $398 2 1 1 1 1 1 1 1 1 1 1 1 1 1 0 1 1 1 @3 eif #
cstbboxcache-cst-attrib $-1 -1 $924 $785 $557 0 0 0 0 0 0 0 0 0 0 0 1 0 1 0 1 1 1 -0.035000000000000003 -0.035000000000000003 -0.098000000000000004 -0.098000000000000004 -15 -15 #
cstbboxcache-cst-attrib $-1 -1 $925 $786 $559 0 0 0 0 0 0 0 0 0 0 0 1 0 1 0 1 1 1 -0.035000000000000003 -0.035000000000000003 -0.098000000000000004 0.098000000000000004 -15 -15 #
name_attrib-gen-attrib $-1 -1 $926 $787 $400 2 1 1 1 1 1 1 1 1 1 1 1 1 1 0 1 1 1 @3 eif #
name_attrib-gen-attrib $-1 -1 $927 $788 $402 2 1 1 1 1 1 1 1 1 1 1 1 1 1 0 1 1 1 @3 eif #
cstbboxcache-cst-attrib $-1 -1 $928 $789 $563 0 0 0 0 0 0 0 0 0 0 0 1 0 1 0 1 1 1 -0.035000000000000003 -0.035000000000000003 0.098000000000000004 0.098000000000000004 -15 -15 #
integer_attrib-name_attrib-gen-attrib $-1 -1 $-1 $790 $248 2 1 1 1 1 1 1 1 1 1 1 1 1 1 0 1 1 1 @3 pid 5 #
integer_attrib-name_attrib-gen-attrib $-1 -1 $-1 $791 $404 2 1 1 1 1 1 1 1 1 1 1 1 1 1 0 1 1 1 @3 pid 5 #
integer_attrib-name_attrib-gen-attrib $-1 -1 $-1 $792 $405 2 1 1 1 1 1 1 1 1 1 1 1 1 1 0 1 1 1 @3 pid 6 #
name_attrib-gen-attrib $-1 -1 $929 $793 $408 2 1 1 1 1 1 1 1 1 1 1 1 1 1 0 1 1 1 @3 eif #
integer_attrib-name_attrib-gen-attrib $-1 -1 $-1 $794 $251 2 1 1 1 1 1 1 1 1 1 1 1 1 1 0 1 1 1 @3 pid 2 #
integer_attrib-name_attrib-gen-attrib $-1 -1 $-1 $795 $412 2 1 1 1 1 1 1 1 1 1 1 1 1 1 0 1 1 1 @3 pid 3 #
integer_attrib-name_attrib-gen-attrib $-1 -1 $-1 $796 $253 2 1 1 1 1 1 1 1 1 1 1 1 1 1 0 1 1 1 @3 pid 4 #
integer_attrib-name_attrib-gen-attrib $-1 -1 $-1 $797 $416 2 1 1 1 1 1 1 1 1 1 1 1 1 1 0 1 1 1 @3 pid 4 #
name_attrib-gen-attrib $-1 -1 $930 $798 $418 2 1 1 1 1 1 1 1 1 1 1 1 1 1 0 1 1 1 @3 eif #
name_attrib-gen-attrib $-1 -1 $931 $799 $419 2 1 1 1 1 1 1 1 1 1 1 1 1 1 0 1 1 1 @3 eif #
real_attrib-name_attrib-gen-attrib $-1 -1 $932 $803 $1 0 0 0 0 1 1 1 1 1 1 1 0 1 0 0 1 0 1 @8 bboxxmin 0 #
integer_attrib-name_attrib-gen-attrib $-1 -1 $-1 $805 $280 2 1 1 1 1 1 1 1 1 1 1 1 1 1 0 1 1 1 @3 pid 6 #
name_attrib-gen-attrib $-1 -1 $933 $806 $442 2 1 1 1 1 1 1 1 1 1 1 1 1 1 0 1 1 1 @3 eif #
integer_attrib-name_attrib-gen-attrib $-1 -1 $-1 $807 $286 2 1 1 1 1 1 1 1 1 1 1 1 1 1 0 1 1 1 @3 pid 9 #
integer_attrib-name_attrib-gen-attrib $-1 -1 $-1 $808 $444 2 1 1 1 1 1 1 1 1 1 1 1 1 1 0 1 1 1 @3 pid 7 #
name_attrib-gen-attrib $-1 -1 $934 $809 $446 2 1 1 1 1 1 1 1 1 1 1 1 1 1 0 1 1 1 @3 eif #
integer_attrib-name_attrib-gen-attrib $-1 -1 $-1 $810 $288 2 1 1 1 1 1 1 1 1 1 1 1 1 1 0 1 1 1 @3 pid 6 #
integer_attrib-name_attrib-gen-attrib $-1 -1 $-1 $811 $290 2 1 1 1 1 1 1 1 1 1 1 1 1 1 0 1 1 1 @3 pid 8 #
integer_attrib-name_attrib-gen-attrib $-1 -1 $-1 $812 $450 2 1 1 1 1 1 1 1 1 1 1 1 1 1 0 1 1 1 @3 pid 8 #
integer_attrib-name_attrib-gen-attrib $-1 -1 $-1 $816 $296 2 1 1 1 1 1 1 1 1 1 1 1 1 1 0 1 1 1 @3 pid 3 #
integer_attrib-name_attrib-gen-attrib $-1 -1 $-1 $821 $306 2 1 1 1 1 1 1 1 1 1 1 1 1 1 0 1 1 1 @3 pid 10 #
integer_attrib-name_attrib-gen-attrib $-1 -1 $-1 $822 $307 2 1 1 1 1 1 1 1 1 1 1 1 1 1 0 1 1 1 @3 pid 12 #
real_attrib-name_attrib-gen-attrib $-1 -1 $935 $823 $2 0 0 0 0 1 1 1 1 1 1 1 0 1 0 0 1 0 1 @8 bboxxmin 0.13500000000000001 #
integer_attrib-name_attrib-gen-attrib $-1 -1 $-1 $825 $320 2 1 1 1 1 1 1 1 1 1 1 1 1 1 0 1 1 1 @3 pid 6 #
name_attrib-gen-attrib $-1 -1 $936 $826 $480 2 1 1 1 1 1 1 1 1 1 1 1 1 1 0 1 1 1 @3 eif #
integer_attrib-name_attrib-gen-attrib $-1 -1 $-1 $827 $326 2 1 1 1 1 1 1 1 1 1 1 1 1 1 0 1 1 1 @3 pid 9 #
integer_attrib-name_attrib-gen-attrib $-1 -1 $-1 $828 $482 2 1 1 1 1 1 1 1 1 1 1 1 1 1 0 1 1 1 @3 pid 7 #
name_attrib-gen-attrib $-1 -1 $937 $829 $484 2 1 1 1 1 1 1 1 1 1 1 1 1 1 0 1 1 1 @3 eif #
integer_attrib-name_attrib-gen-attrib $-1 -1 $-1 $830 $328 2 1 1 1 1 1 1 1 1 1 1 1 1 1 0 1 1 1 @3 pid 6 #
integer_attrib-name_attrib-gen-attrib $-1 -1 $-1 $831 $330 2 1 1 1 1 1 1 1 1 1 1 1 1 1 0 1 1 1 @3 pid 8 #
integer_attrib-name_attrib-gen-attrib $-1 -1 $-1 $832 $488 2 1 1 1 1 1 1 1 1 1 1 1 1 1 0 1 1 1 @3 pid 8 #
integer_attrib-name_attrib-gen-attrib $-1 -1 $-1 $836 $336 2 1 1 1 1 1 1 1 1 1 1 1 1 1 0 1 1 1 @3 pid 3 #
integer_attrib-name_attrib-gen-attrib $-1 -1 $-1 $841 $346 2 1 1 1 1 1 1 1 1 1 1 1 1 1 0 1 1 1 @3 pid 10 #
integer_attrib-name_attrib-gen-attrib $-1 -1 $-1 $842 $347 2 1 1 1 1 1 1 1 1 1 1 1 1 1 0 1 1 1 @3 pid 12 #
real_attrib-name_attrib-gen-attrib $-1 -1 $938 $843 $3 0 0 0 0 1 1 1 1 1 1 1 0 1 0 0 1 0 1 @8 bboxxmin 0.10000000000000001 #
integer_attrib-name_attrib-gen-attrib $-1 -1 $-1 $845 $359 2 1 1 1 1 1 1 1 1 1 1 1 1 1 0 1 1 1 @3 pid 6 #
cstbboxcache-cst-attrib $-1 -1 $939 $846 $650 0 0 0 0 0 0 0 0 0 0 0 1 0 1 0 1 1 1 0.10000000000000001 0.10000000000000001 -1 1 -15 -15 #
name_attrib-gen-attrib $-1 -1 $940 $847 $520 2 1 1 1 1 1 1 1 1 1 1 1 1 1 0 1 1 1 @3 eif #
cstbboxcache-cst-attrib $-1 -1 $941 $848 $652 0 0 0 0 0 0 0 0 0 0 0 1 0 1 0 1 1 1 0.10000000000000001 0.10000000000000001 -1 -1 -15 -15 #
integer_attrib-name_attrib-gen-attrib $-1 -1 $-1 $849 $365 2 1 1 1 1 1 1 1 1 1 1 1 1 1 0 1 1 1 @3 pid 8 #
integer_attrib-name_attrib-gen-attrib $-1 -1 $-1 $850 $522 2 1 1 1 1 1 1 1 1 1 1 1 1 1 0 1 1 1 @3 pid 7 #
name_attrib-gen-attrib $-1 -1 $942 $851 $525 2 1 1 1 1 1 1 1 1 1 1 1 1 1 0 1 1 1 @3 eif #
integer_attrib-name_attrib-gen-attrib $-1 -1 $-1 $852 $367 2 1 1 1 1 1 1 1 1 1 1 1 1 1 0 1 1 1 @3 pid 6 #
integer_attrib-name_attrib-gen-attrib $-1 -1 $-1 $853 $527 2 1 1 1 1 1 1 1 1 1 1 1 1 1 0 1 1 1 @3 pid 6 #
integer_attrib-name_attrib-gen-attrib $-1 -1 $-1 $856 $372 2 1 1 1 1 1 1 1 1 1 1 1 1 1 0 1 1 1 @3 pid 3 #
name_attrib-gen-attrib $-1 -1 $943 $859 $538 2 1 1 1 1 1 1 1 1 1 1 1 1 1 0 1 1 1 @3 eif #
integer_attrib-name_attrib-gen-attrib $-1 -1 $-1 $862 $380 2 1 1 1 1 1 1 1 1 1 1 1 1 1 0 1 1 1 @3 pid 11 #
real_attrib-name_attrib-gen-attrib $-1 -1 $944 $863 $4 0 0 0 0 1 1 1 1 1 1 1 0 1 0 0 1 0 1 @8 bboxxmin -0.035000000000000003 #
integer_attrib-name_attrib-gen-attrib $-1 -1 $-1 $865 $392 2 1 1 1 1 1 1 1 1 1 1 1 1 1 0 1 1 1 @3 pid 6 #
name_attrib-gen-attrib $-1 -1 $945 $866 $555 2 1 1 1 1 1 1 1 1 1 1 1 1 1 0 1 1 1 @3 eif #
integer_attrib-name_attrib-gen-attrib $-1 -1 $-1 $867 $398 2 1 1 1 1 1 1 1 1 1 1 1 1 1 0 1 1 1 @3 pid 9 #
integer_attrib-name_attrib-gen-attrib $-1 -1 $-1 $868 $557 2 1 1 1 1 1 1 1 1 1 1 1 1 1 0 1 1 1 @3 pid 7 #
name_attrib-gen-attrib $-1 -1 $946 $869 $559 2 1 1 1 1 1 1 1 1 1 1 1 1 1 0 1 1 1 @3 eif #
integer_attrib-name_attrib-gen-attrib $-1 -1 $-1 $870 $400 2 1 1 1 1 1 1 1 1 1 1 1 1 1 0 1 1 1 @3 pid 6 #
integer_attrib-name_attrib-gen-attrib $-1 -1 $-1 $871 $402 2 1 1 1 1 1 1 1 1 1 1 1 1 1 0 1 1 1 @3 pid 8 #
integer_attrib-name_attrib-gen-attrib $-1 -1 $-1 $872 $563 2 1 1 1 1 1 1 1 1 1 1 1 1 1 0 1 1 1 @3 pid 8 #
integer_attrib-name_attrib-gen-attrib $-1 -1 $-1 $876 $408 2 1 1 1 1 1 1 1 1 1 1 1 1 1 0 1 1 1 @3 pid 3 #
integer_attrib-name_attrib-gen-attrib $-1 -1 $-1 $881 $418 2 1 1 1 1 1 1 1 1 1 1 1 1 1 0 1 1 1 @3 pid 10 #
integer_attrib-name_attrib-gen-attrib $-1 -1 $-1 $882 $419 2 1 1 1 1 1 1 1 1 1 1 1 1 1 0 1 1 1 @3 pid 12 #
integer_attrib-name_attrib-gen-attrib $-1 -1 $947 $883 $1 0 0 0 0 1 1 1 1 1 1 1 0 1 0 0 1 0 1 @6 bboxnv 8 #
integer_attrib-name_attrib-gen-attrib $-1 -1 $-1 $885 $442 2 1 1 1 1 1 1 1 1 1 1 1 1 1 0 1 1 1 @3 pid 11 #
integer_attrib-name_attrib-gen-attrib $-1 -1 $-1 $888 $446 2 1 1 1 1 1 1 1 1 1 1 1 1 1 0 1 1 1 @3 pid 7 #
integer_attrib-name_attrib-gen-attrib $-1 -1 $948 $895 $2 0 0 0 0 1 1 1 1 1 1 1 0 1 0 0 1 0 1 @6 bboxnv 8 #
integer_attrib-name_attrib-gen-attrib $-1 -1 $-1 $897 $480 2 1 1 1 1 1 1 1 1 1 1 1 1 1 0 1 1 1 @3 pid 11 #
integer_attrib-name_attrib-gen-attrib $-1 -1 $-1 $900 $484 2 1 1 1 1 1 1 1 1 1 1 1 1 1 0 1 1 1 @3 pid 7 #
integer_attrib-name_attrib-gen-attrib $-1 -1 $949 $907 $3 0 0 0 0 1 1 1 1 1 1 1 0 1 0 0 1 0 1 @6 bboxnv 8 #
name_attrib-gen-attrib $-1 -1 $950 $909 $650 2 1 1 1 1 1 1 1 1 1 1 1 1 1 0 1 1 1 @3 eif #
integer_attrib-name_attrib-gen-attrib $-1 -1 $-1 $910 $520 2 1 1 1 1 1 1 1 1 1 1 1 1 1 0 1 1 1 @3 pid 9 #
integer_attrib-name_attrib-gen-attrib $-1 -1 $-1 $911 $652 2 1 1 1 1 1 1 1 1 1 1 1 1 1 0 1 1 1 @3 pid 8 #
integer_attrib-name_attrib-gen-attrib $-1 -1 $-1 $914 $525 2 1 1 1 1 1 1 1 1 1 1 1 1 1 0 1 1 1 @3 pid 7 #
integer_attrib-name_attrib-gen-attrib $-1 -1 $-1 $918 $538 2 1 1 1 1 1 1 1 1 1 1 1 1 1 0 1 1 1 @3 pid 12 #
integer_attrib-name_attrib-gen-attrib $-1 -1 $951 $920 $4 0 0 0 0 1 1 1 1 1 1 1 0 1 0 0 1 0 1 @6 bboxnv 8 #
integer_attrib-name_attrib-gen-attrib $-1 -1 $-1 $922 $555 2 1 1 1 1 1 1 1 1 1 1 1 1 1 0 1 1 1 @3 pid 11 #
integer_attrib-name_attrib-gen-attrib $-1 -1 $-1 $925 $559 2 1 1 1 1 1 1 1 1 1 1 1 1 1 0 1 1 1 @3 pid 7 #
integer_attrib-name_attrib-gen-attrib $-1 -1 $952 $932 $1 0 0 0 0 1 1 1 1 1 1 1 0 1 0 0 1 0 1 @6 bboxne 12 #
integer_attrib-name_attrib-gen-attrib $-1 -1 $953 $935 $2 0 0 0 0 1 1 1 1 1 1 1 0 1 0 0 1 0 1 @6 bboxne 12 #
integer_attrib-name_attrib-gen-attrib $-1 -1 $954 $938 $3 0 0 0 0 1 1 1 1 1 1 1 0 1 0 0 1 0 1 @6 bboxne 12 #
integer_attrib-name_attrib-gen-attrib $-1 -1 $-1 $939 $650 2 1 1 1 1 1 1 1 1 1 1 1 1 1 0 1 1 1 @3 pid 10 #
integer_attrib-name_attrib-gen-attrib $-1 -1 $955 $944 $4 0 0 0 0 1 1 1 1 1 1 1 0 1 0 0 1 0 1 @6 bboxne 12 #
integer_attrib-name_attrib-gen-attrib $-1 -1 $956 $947 $1 0 0 0 0 1 1 1 1 1 1 1 0 1 0 0 1 0 1 @6 bboxnf 6 #
integer_attrib-name_attrib-gen-attrib $-1 -1 $957 $948 $2 0 0 0 0 1 1 1 1 1 1 1 0 1 0 0 1 0 1 @6 bboxnf 6 #
integer_attrib-name_attrib-gen-attrib $-1 -1 $958 $949 $3 0 0 0 0 1 1 1 1 1 1 1 0 1 0 0 1 0 1 @6 bboxnf 6 #
integer_attrib-name_attrib-gen-attrib $-1 -1 $959 $951 $4 0 0 0 0 1 1 1 1 1 1 1 0 1 0 0 1 0 1 @6 bboxnf 6 #
cstbboxcache-cst-attrib $-1 -1 $960 $952 $1 0 0 0 0 0 0 0 0 0 0 0 1 0 1 0 1 1 1 0 0.10000000000000001 -1 1 -15 15 #
cstbboxcache-cst-attrib $-1 -1 $961 $953 $2 0 0 0 0 0 0 0 0 0 0 0 1 0 1 0 1 1 1 0.13500000000000001 0.17000000000000004 -0.098000000000000004 0.098000000000000004 -15 -14.982500000000002 #
cstbboxcache-cst-attrib $-1 -1 $962 $954 $3 0 0 0 0 0 0 0 0 0 0 0 1 0 1 0 1 1 1 0.10000000000000001 0.13500000000000001 -1 1 -15 15 #
cstbboxcache-cst-attrib $-1 -1 $963 $955 $4 0 0 0 0 0 0 0 0 0 0 0 1 0 1 0 1 1 1 -0.035000000000000003 0 -0.098000000000000004 0.098000000000000004 -15 15 #
rgb_color-st-attrib $-1 -1 $964 $956 $1 2 1 2 1 1 1 1 1 1 1 1 1 1 1 0 1 1 1 0.93999999761581421 0.81999999284744263 0.75999999046325684 #
rgb_color-st-attrib $-1 -1 $965 $957 $2 2 1 2 1 1 1 1 1 1 1 1 1 1 1 0 1 1 1 0.80000001192092896 0.80000001192092896 0.80000001192092896 #
rgb_color-st-attrib $-1 -1 $966 $958 $3 2 1 2 1 1 1 1 1 1 1 1 1 1 1 0 1 1 1 1 1 0 #
rgb_color-st-attrib $-1 -1 $967 $959 $4 2 1 2 1 1 1 1 1 1 1 1 1 1 1 0 1 1 1 1 1 0 #
name_attrib-gen-attrib $-1 -1 $968 $960 $1 2 1 1 1 1 1 1 1 1 1 1 1 1 1 0 1 1 1 @27 c0.940000 0.820000 0.760000 #
name_attrib-gen-attrib $-1 -1 $969 $961 $2 2 1 1 1 1 1 1 1 1 1 1 1 1 1 0 1 1 1 @27 c0.800000 0.800000 0.800000 #
name_attrib-gen-attrib $-1 -1 $970 $962 $3 2 1 1 1 1 1 1 1 1 1 1 1 1 1 0 1 1 1 @27 c1.000000 1.000000 0.000000 #
name_attrib-gen-attrib $-1 -1 $971 $963 $4 2 1 1 1 1 1 1 1 1 1 1 1 1 1 0 1 1 1 @27 c1.000000 1.000000 0.000000 #
integer_attrib-name_attrib-gen-attrib $-1 -1 $972 $964 $1 2 1 1 1 1 1 1 1 1 1 1 1 1 1 0 1 1 1 @4 type 0 #
integer_attrib-name_attrib-gen-attrib $-1 -1 $973 $965 $2 2 1 1 1 1 1 1 1 1 1 1 1 1 1 0 1 1 1 @4 type 0 #
integer_attrib-name_attrib-gen-attrib $-1 -1 $974 $966 $3 2 1 1 1 1 1 1 1 1 1 1 1 1 1 0 1 1 1 @4 type 7 #
integer_attrib-name_attrib-gen-attrib $-1 -1 $975 $967 $4 2 1 1 1 1 1 1 1 1 1 1 1 1 1 0 1 1 1 @4 type 0 #
integer_attrib-name_attrib-gen-attrib $-1 -1 $976 $968 $1 2 1 1 1 1 1 1 1 1 1 1 1 1 1 0 1 1 1 @3 noe 12 #
integer_attrib-name_attrib-gen-attrib $-1 -1 $977 $969 $2 2 1 1 1 1 1 1 1 1 1 1 1 1 1 0 1 1 1 @3 noe 12 #
integer_attrib-name_attrib-gen-attrib $-1 -1 $978 $970 $3 2 1 1 1 1 1 1 1 1 1 1 1 1 1 0 1 1 1 @3 noe 12 #
integer_attrib-name_attrib-gen-attrib $-1 -1 $979 $971 $4 2 1 1 1 1 1 1 1 1 1 1 1 1 1 0 1 1 1 @3 noe 12 #
integer_attrib-name_attrib-gen-attrib $-1 -1 $-1 $972 $1 2 1 1 1 1 1 1 1 1 1 1 1 1 1 0 1 1 1 @3 nof 6 #
integer_attrib-name_attrib-gen-attrib $-1 -1 $-1 $973 $2 2 1 1 1 1 1 1 1 1 1 1 1 1 1 0 1 1 1 @3 nof 6 #
integer_attrib-name_attrib-gen-attrib $-1 -1 $-1 $974 $3 2 1 1 1 1 1 1 1 1 1 1 1 1 1 0 1 1 1 @3 nof 6 #
integer_attrib-name_attrib-gen-attrib $-1 -1 $-1 $975 $4 2 1 1 1 1 1 1 1 1 1 1 1 1 1 0 1 1 1 @3 nof 6 #
End-of-ACIS-data 